ID2,HarvestYear,Crop,SeedYieldDryPerAreaNormFlag,SeedYieldDryPerAreaNormSpatialFlag,SeedProteinNormFlag,SeedProteinNormSpatialFlag,SeedCarbonNormFlag,SeedCarbonNormSpatialFlag,SeedNitrogenNormFlag,SeedNitrogenNormSpatialFlag,ResidueCarbonNormFlag,ResidueCarbonNormSpatialFlag,ResidueNitrogenNormFlag,ResidueNitrogenNormSpatialFlag
423,2005,SW,FALSE,FALSE,TRUE,FALSE,FALSE,FALSE,TRUE,FALSE,NA,NA,NA,NA
424,2008,SW,TRUE,FALSE,FALSE,FALSE,NA,NA,FALSE,FALSE,NA,NA,NA,NA
421,2003,WW,FALSE,FALSE,TRUE,FALSE,FALSE,FALSE,TRUE,FALSE,NA,NA,NA,NA
421,2005,SW,FALSE,FALSE,FALSE,FALSE,TRUE,TRUE,FALSE,FALSE,NA,NA,NA,NA
420,2007,SC,FALSE,FALSE,FALSE,FALSE,FALSE,TRUE,FALSE,FALSE,NA,NA,NA,NA
420,2013,SW,FALSE,FALSE,FALSE,FALSE,NA,NA,FALSE,FALSE,NA,NA,NA,NA
395,2001,WP,FALSE,FALSE,NA,NA,NA,NA,NA,NA,NA,NA,NA,NA
419,2003,WW,FALSE,FALSE,TRUE,FALSE,FALSE,FALSE,TRUE,FALSE,NA,NA,NA,NA
425,2001,SW,TRUE,TRUE,FALSE,FALSE,FALSE,FALSE,FALSE,FALSE,FALSE,FALSE,FALSE,FALSE
399,2002,SW,FALSE,FALSE,FALSE,FALSE,FALSE,FALSE,FALSE,FALSE,FALSE,TRUE,FALSE,FALSE
350,2000,SB,FALSE,FALSE,FALSE,FALSE,FALSE,FALSE,FALSE,FALSE,TRUE,TRUE,FALSE,FALSE
394,2002,SW,FALSE,FALSE,TRUE,FALSE,FALSE,FALSE,TRUE,FALSE,FALSE,FALSE,FALSE,FALSE
394,2004,WP,TRUE,TRUE,FALSE,FALSE,FALSE,FALSE,FALSE,FALSE,NA,NA,NA,NA
348,2002,SW,FALSE,FALSE,FALSE,FALSE,FALSE,FALSE,FALSE,FALSE,FALSE,FALSE,TRUE,FALSE
348,2010,WW,FALSE,FALSE,NA,NA,NA,NA,NA,NA,NA,NA,NA,NA
348,2013,WW,FALSE,TRUE,FALSE,FALSE,NA,NA,FALSE,FALSE,NA,NA,NA,NA
348,2014,GB,FALSE,FALSE,NA,NA,NA,NA,NA,NA,NA,NA,NA,NA
371,2005,SW,FALSE,FALSE,FALSE,FALSE,FALSE,FALSE,FALSE,FALSE,NA,NA,NA,NA
371,2006,WW,FALSE,FALSE,TRUE,FALSE,FALSE,FALSE,TRUE,FALSE,NA,NA,NA,NA
371,2010,WW,FALSE,TRUE,NA,NA,NA,NA,NA,NA,NA,NA,NA,NA
371,2012,WW,FALSE,FALSE,FALSE,TRUE,NA,NA,FALSE,TRUE,NA,NA,NA,NA
377,2001,SW,FALSE,FALSE,FALSE,FALSE,FALSE,TRUE,FALSE,FALSE,FALSE,FALSE,FALSE,FALSE
377,2002,WW,FALSE,FALSE,FALSE,FALSE,TRUE,TRUE,FALSE,FALSE,NA,NA,NA,NA
357,2000,SB,FALSE,FALSE,FALSE,FALSE,FALSE,FALSE,FALSE,FALSE,FALSE,TRUE,FALSE,FALSE
357,2001,SW,FALSE,FALSE,FALSE,FALSE,FALSE,FALSE,FALSE,FALSE,FALSE,TRUE,FALSE,FALSE
379,2001,SW,FALSE,FALSE,FALSE,FALSE,FALSE,TRUE,FALSE,FALSE,FALSE,FALSE,FALSE,FALSE
381,2000,SB,FALSE,FALSE,TRUE,FALSE,FALSE,FALSE,TRUE,FALSE,NA,NA,NA,NA
335,2005,WW,FALSE,FALSE,FALSE,FALSE,FALSE,FALSE,FALSE,FALSE,NA,NA,NA,NA
360,2012,SB,FALSE,FALSE,FALSE,TRUE,NA,NA,FALSE,TRUE,NA,NA,NA,NA
303,2005,SW,FALSE,FALSE,FALSE,FALSE,FALSE,TRUE,FALSE,FALSE,NA,NA,NA,NA
304,2004,SB,FALSE,FALSE,FALSE,FALSE,TRUE,TRUE,FALSE,FALSE,NA,NA,NA,NA
272,2006,WW,TRUE,TRUE,FALSE,FALSE,FALSE,FALSE,FALSE,FALSE,NA,NA,NA,NA
272,2011,GB,FALSE,TRUE,NA,NA,NA,NA,NA,NA,NA,NA,NA,NA
297,1999,SW,FALSE,FALSE,TRUE,FALSE,FALSE,FALSE,TRUE,FALSE,NA,NA,NA,NA
323,2015,WW,FALSE,FALSE,FALSE,FALSE,NA,NA,FALSE,FALSE,NA,NA,NA,NA
308,2005,WW,FALSE,FALSE,FALSE,FALSE,FALSE,FALSE,FALSE,FALSE,NA,NA,NA,NA
308,2007,SW,FALSE,FALSE,TRUE,TRUE,NA,NA,TRUE,TRUE,NA,NA,NA,NA
333,2013,GB,FALSE,FALSE,FALSE,FALSE,TRUE,TRUE,FALSE,FALSE,NA,NA,NA,NA
283,2000,SB,FALSE,FALSE,FALSE,FALSE,FALSE,FALSE,FALSE,FALSE,FALSE,FALSE,FALSE,FALSE
312,2014,WW,FALSE,FALSE,FALSE,TRUE,NA,NA,FALSE,TRUE,NA,NA,NA,NA
310,2003,SB,FALSE,FALSE,FALSE,FALSE,FALSE,FALSE,FALSE,FALSE,FALSE,FALSE,FALSE,FALSE
338,2000,SB,FALSE,FALSE,TRUE,FALSE,FALSE,FALSE,TRUE,FALSE,NA,NA,NA,NA
289,2002,WP,FALSE,FALSE,FALSE,FALSE,FALSE,TRUE,FALSE,FALSE,NA,NA,NA,NA
289,2003,SW,FALSE,FALSE,FALSE,FALSE,TRUE,TRUE,FALSE,FALSE,FALSE,FALSE,FALSE,FALSE
289,2008,GB,FALSE,TRUE,FALSE,FALSE,FALSE,FALSE,FALSE,FALSE,NA,NA,NA,NA
315,2001,WW,TRUE,FALSE,FALSE,FALSE,FALSE,FALSE,FALSE,FALSE,NA,NA,NA,NA
315,2006,SW,FALSE,FALSE,FALSE,FALSE,FALSE,FALSE,FALSE,FALSE,NA,NA,NA,NA
315,2011,GB,FALSE,TRUE,NA,NA,NA,NA,NA,NA,NA,NA,NA,NA
315,2015,SC,TRUE,TRUE,NA,NA,NA,NA,NA,NA,NA,NA,NA,NA
231,2001,SB,FALSE,FALSE,FALSE,FALSE,FALSE,TRUE,FALSE,FALSE,NA,NA,NA,NA
231,2002,SW,FALSE,FALSE,FALSE,FALSE,TRUE,TRUE,FALSE,FALSE,FALSE,FALSE,FALSE,FALSE
253,2000,SB,FALSE,FALSE,FALSE,FALSE,FALSE,FALSE,FALSE,FALSE,FALSE,FALSE,FALSE,TRUE
253,2010,SW,FALSE,FALSE,NA,NA,NA,NA,NA,NA,NA,NA,NA,NA
228,2016,SC,FALSE,FALSE,NA,NA,NA,NA,NA,NA,NA,NA,NA,NA
251,2002,SW,FALSE,FALSE,FALSE,TRUE,FALSE,FALSE,FALSE,TRUE,FALSE,FALSE,FALSE,FALSE
251,2004,SC,TRUE,FALSE,FALSE,FALSE,TRUE,TRUE,FALSE,FALSE,NA,NA,NA,NA
225,2015,WW,TRUE,TRUE,FALSE,FALSE,NA,NA,FALSE,FALSE,NA,NA,NA,NA
249,2013,WW,TRUE,TRUE,TRUE,FALSE,NA,NA,TRUE,FALSE,NA,NA,NA,NA
249,2014,GB,FALSE,FALSE,NA,NA,NA,NA,NA,NA,NA,NA,NA,NA
233,2006,SC,FALSE,FALSE,FALSE,FALSE,FALSE,FALSE,FALSE,FALSE,NA,NA,NA,NA
234,2009,WP,TRUE,FALSE,FALSE,FALSE,FALSE,FALSE,FALSE,FALSE,NA,NA,NA,NA
234,2013,GB,TRUE,FALSE,FALSE,FALSE,FALSE,FALSE,FALSE,FALSE,NA,NA,NA,NA
235,2012,SW,FALSE,FALSE,TRUE,TRUE,NA,NA,TRUE,TRUE,NA,NA,NA,NA
281,2004,SW,FALSE,FALSE,FALSE,FALSE,FALSE,TRUE,FALSE,FALSE,NA,NA,NA,NA
236,2015,WW,FALSE,TRUE,FALSE,FALSE,NA,NA,FALSE,FALSE,NA,NA,NA,NA
215,2005,WW,FALSE,FALSE,TRUE,FALSE,FALSE,FALSE,TRUE,FALSE,NA,NA,NA,NA
240,2000,SB,FALSE,TRUE,FALSE,FALSE,FALSE,FALSE,FALSE,FALSE,NA,NA,NA,NA
240,2014,WW,FALSE,FALSE,FALSE,FALSE,NA,NA,FALSE,FALSE,NA,NA,NA,NA
237,2000,SB,FALSE,FALSE,FALSE,FALSE,FALSE,FALSE,FALSE,FALSE,FALSE,FALSE,TRUE,FALSE
242,2008,GB,FALSE,FALSE,FALSE,FALSE,FALSE,FALSE,FALSE,FALSE,NA,NA,NA,NA
265,2005,WP,FALSE,FALSE,TRUE,TRUE,TRUE,TRUE,TRUE,TRUE,NA,NA,NA,NA
243,2004,WW,FALSE,FALSE,FALSE,FALSE,TRUE,TRUE,FALSE,FALSE,NA,NA,NA,NA
269,2000,SB,FALSE,FALSE,FALSE,FALSE,TRUE,TRUE,FALSE,FALSE,NA,NA,NA,NA
269,2002,WB,FALSE,TRUE,FALSE,FALSE,FALSE,FALSE,FALSE,FALSE,NA,NA,NA,NA
269,2003,SW,FALSE,TRUE,FALSE,FALSE,FALSE,FALSE,FALSE,FALSE,FALSE,FALSE,FALSE,FALSE
291,2014,WW,FALSE,FALSE,TRUE,TRUE,NA,NA,TRUE,TRUE,NA,NA,NA,NA
155,2012,WW,FALSE,FALSE,FALSE,TRUE,NA,NA,FALSE,TRUE,NA,NA,NA,NA
205,2001,SP,FALSE,FALSE,FALSE,TRUE,FALSE,FALSE,FALSE,TRUE,NA,NA,NA,NA
205,2004,SP,FALSE,TRUE,FALSE,FALSE,FALSE,FALSE,FALSE,FALSE,NA,NA,NA,NA
152,2006,WW,FALSE,FALSE,FALSE,FALSE,TRUE,TRUE,FALSE,FALSE,NA,NA,NA,NA
153,1999,SW,FALSE,FALSE,FALSE,FALSE,FALSE,FALSE,FALSE,FALSE,NA,NA,NA,NA
153,2001,SC,FALSE,FALSE,FALSE,FALSE,FALSE,FALSE,FALSE,FALSE,FALSE,FALSE,FALSE,FALSE
153,2003,WW,FALSE,FALSE,FALSE,FALSE,TRUE,TRUE,FALSE,FALSE,NA,NA,NA,NA
179,2001,SC,FALSE,FALSE,FALSE,FALSE,FALSE,FALSE,FALSE,FALSE,FALSE,FALSE,FALSE,FALSE
179,2008,SC,FALSE,TRUE,FALSE,FALSE,FALSE,FALSE,FALSE,FALSE,NA,NA,NA,NA
204,1999,SW,FALSE,FALSE,TRUE,TRUE,FALSE,FALSE,TRUE,TRUE,NA,NA,NA,NA
204,2009,WW,FALSE,FALSE,FALSE,TRUE,NA,NA,FALSE,TRUE,NA,NA,NA,NA
151,2006,WW,FALSE,FALSE,FALSE,FALSE,FALSE,TRUE,FALSE,FALSE,NA,NA,NA,NA
177,2005,SW,FALSE,FALSE,FALSE,FALSE,TRUE,TRUE,FALSE,FALSE,NA,NA,NA,NA
149,2013,WW,FALSE,TRUE,TRUE,FALSE,NA,NA,TRUE,FALSE,NA,NA,NA,NA
175,2003,WW,FALSE,FALSE,FALSE,FALSE,TRUE,TRUE,FALSE,FALSE,NA,NA,NA,NA
176,2003,WW,FALSE,FALSE,FALSE,FALSE,TRUE,FALSE,FALSE,FALSE,NA,NA,NA,NA
200,2003,WW,TRUE,FALSE,FALSE,FALSE,FALSE,FALSE,FALSE,FALSE,NA,NA,NA,NA
201,2010,WW,FALSE,FALSE,NA,NA,NA,NA,NA,NA,NA,NA,NA,NA
183,2004,SW,FALSE,FALSE,FALSE,FALSE,TRUE,TRUE,FALSE,FALSE,NA,NA,NA,NA
183,2005,WW,FALSE,FALSE,TRUE,TRUE,TRUE,TRUE,TRUE,TRUE,NA,NA,NA,NA
183,2006,SC,FALSE,FALSE,FALSE,FALSE,FALSE,TRUE,FALSE,FALSE,NA,NA,NA,NA
158,2012,SW,TRUE,FALSE,FALSE,FALSE,NA,NA,FALSE,FALSE,NA,NA,NA,NA
185,2000,SB,FALSE,FALSE,FALSE,FALSE,FALSE,FALSE,FALSE,FALSE,FALSE,TRUE,FALSE,FALSE
185,2001,SW,FALSE,FALSE,FALSE,FALSE,FALSE,FALSE,FALSE,FALSE,TRUE,TRUE,FALSE,FALSE
185,2014,WW,FALSE,FALSE,FALSE,FALSE,NA,NA,FALSE,FALSE,NA,NA,NA,NA
210,1999,SW,FALSE,FALSE,FALSE,FALSE,TRUE,TRUE,FALSE,FALSE,NA,NA,NA,NA
160,2005,WW,FALSE,FALSE,FALSE,FALSE,FALSE,FALSE,FALSE,FALSE,NA,NA,NA,NA
160,2006,WB,FALSE,FALSE,FALSE,FALSE,FALSE,TRUE,FALSE,FALSE,NA,NA,NA,NA
186,2001,SW,FALSE,FALSE,FALSE,FALSE,FALSE,FALSE,FALSE,FALSE,FALSE,TRUE,FALSE,FALSE
186,2007,SW,FALSE,FALSE,TRUE,TRUE,NA,NA,TRUE,TRUE,NA,NA,NA,NA
186,2008,WW,FALSE,FALSE,TRUE,TRUE,FALSE,FALSE,TRUE,TRUE,NA,NA,NA,NA
186,2014,WW,FALSE,FALSE,FALSE,FALSE,NA,NA,FALSE,FALSE,NA,NA,NA,NA
211,1999,SW,FALSE,FALSE,FALSE,FALSE,TRUE,TRUE,FALSE,FALSE,NA,NA,NA,NA
211,2004,SW,TRUE,FALSE,FALSE,FALSE,FALSE,FALSE,FALSE,FALSE,NA,NA,NA,NA
211,2008,WW,FALSE,TRUE,FALSE,FALSE,FALSE,FALSE,FALSE,FALSE,NA,NA,NA,NA
212,2007,SW,FALSE,FALSE,FALSE,FALSE,NA,NA,FALSE,FALSE,NA,NA,NA,NA
212,2012,WW,FALSE,TRUE,FALSE,FALSE,NA,NA,FALSE,FALSE,NA,NA,NA,NA
214,1999,SW,FALSE,FALSE,FALSE,FALSE,FALSE,TRUE,FALSE,FALSE,NA,NA,NA,NA
214,2000,SB,FALSE,TRUE,FALSE,FALSE,FALSE,FALSE,FALSE,FALSE,FALSE,FALSE,FALSE,FALSE
187,2007,SW,FALSE,FALSE,TRUE,FALSE,NA,NA,TRUE,FALSE,NA,NA,NA,NA
213,2002,WW,TRUE,FALSE,FALSE,FALSE,FALSE,FALSE,FALSE,FALSE,NA,NA,NA,NA
213,2005,WW,FALSE,FALSE,FALSE,FALSE,FALSE,FALSE,FALSE,FALSE,NA,NA,NA,NA
213,2007,SW,FALSE,FALSE,FALSE,FALSE,NA,NA,FALSE,FALSE,NA,NA,NA,NA
213,2011,WW,FALSE,TRUE,NA,NA,NA,NA,NA,NA,NA,NA,NA,NA
213,2016,SC,FALSE,TRUE,NA,NA,NA,NA,NA,NA,NA,NA,NA,NA
167,2005,SB,FALSE,FALSE,FALSE,FALSE,TRUE,TRUE,FALSE,FALSE,NA,NA,NA,NA
169,2001,WW,FALSE,FALSE,TRUE,FALSE,FALSE,FALSE,TRUE,FALSE,NA,NA,NA,NA
127,2001,SP,FALSE,FALSE,FALSE,FALSE,TRUE,TRUE,FALSE,FALSE,FALSE,FALSE,FALSE,FALSE
100,2008,SC,TRUE,TRUE,FALSE,FALSE,FALSE,FALSE,FALSE,FALSE,NA,NA,NA,NA
99,2006,WW,FALSE,FALSE,FALSE,FALSE,TRUE,TRUE,FALSE,FALSE,NA,NA,NA,NA
99,2007,SC,FALSE,FALSE,FALSE,FALSE,FALSE,TRUE,FALSE,FALSE,NA,NA,NA,NA
125,1999,SW,FALSE,FALSE,FALSE,FALSE,FALSE,FALSE,FALSE,FALSE,FALSE,FALSE,TRUE,TRUE
96,2006,WW,FALSE,FALSE,FALSE,FALSE,TRUE,TRUE,FALSE,FALSE,NA,NA,NA,NA
122,1999,SW,FALSE,FALSE,FALSE,FALSE,FALSE,FALSE,FALSE,FALSE,FALSE,FALSE,TRUE,FALSE
123,2006,WW,FALSE,FALSE,FALSE,FALSE,TRUE,TRUE,FALSE,FALSE,NA,NA,NA,NA
123,2013,WW,FALSE,TRUE,TRUE,TRUE,NA,NA,TRUE,TRUE,NA,NA,NA,NA
132,2001,SW,FALSE,FALSE,FALSE,FALSE,FALSE,FALSE,FALSE,FALSE,FALSE,TRUE,FALSE,TRUE
106,2000,SB,FALSE,FALSE,FALSE,FALSE,FALSE,FALSE,FALSE,FALSE,FALSE,FALSE,FALSE,FALSE
133,2009,GB,TRUE,TRUE,FALSE,FALSE,FALSE,FALSE,FALSE,FALSE,NA,NA,NA,NA
107,2004,SW,FALSE,FALSE,TRUE,FALSE,FALSE,FALSE,TRUE,FALSE,NA,NA,NA,NA
107,2005,WW,FALSE,FALSE,FALSE,FALSE,FALSE,FALSE,FALSE,FALSE,NA,NA,NA,NA
107,2012,WW,TRUE,TRUE,FALSE,FALSE,NA,NA,FALSE,FALSE,NA,NA,NA,NA
161,2015,SB,FALSE,FALSE,FALSE,FALSE,NA,NA,FALSE,FALSE,NA,NA,NA,NA
110,2003,SW,FALSE,FALSE,FALSE,FALSE,FALSE,FALSE,FALSE,FALSE,TRUE,TRUE,FALSE,FALSE
141,2007,WW,FALSE,FALSE,FALSE,TRUE,NA,NA,FALSE,TRUE,NA,NA,NA,NA
141,2008,SB,FALSE,FALSE,TRUE,TRUE,TRUE,FALSE,TRUE,TRUE,NA,NA,NA,NA
142,2001,WW,FALSE,FALSE,TRUE,TRUE,FALSE,FALSE,TRUE,TRUE,NA,NA,NA,NA
142,2004,WW,FALSE,FALSE,FALSE,FALSE,TRUE,TRUE,FALSE,FALSE,NA,NA,NA,NA
142,2005,WB,FALSE,FALSE,FALSE,FALSE,FALSE,TRUE,FALSE,FALSE,NA,NA,NA,NA
117,2003,SW,FALSE,FALSE,FALSE,FALSE,FALSE,FALSE,FALSE,FALSE,FALSE,FALSE,FALSE,TRUE
143,2005,SC,FALSE,FALSE,FALSE,FALSE,TRUE,TRUE,FALSE,FALSE,NA,NA,NA,NA
94,2003,SW,FALSE,FALSE,FALSE,FALSE,FALSE,FALSE,FALSE,FALSE,TRUE,TRUE,FALSE,FALSE
94,2010,WW,FALSE,FALSE,NA,NA,NA,NA,NA,NA,NA,NA,NA,NA
121,2000,SB,FALSE,FALSE,TRUE,FALSE,FALSE,FALSE,TRUE,FALSE,NA,NA,NA,NA
121,2001,WW,FALSE,FALSE,FALSE,FALSE,TRUE,FALSE,FALSE,FALSE,NA,NA,NA,NA
121,2010,WW,FALSE,FALSE,NA,NA,NA,NA,NA,NA,NA,NA,NA,NA
146,2000,SB,FALSE,FALSE,TRUE,FALSE,FALSE,FALSE,TRUE,FALSE,NA,NA,NA,NA
147,2000,SB,FALSE,FALSE,TRUE,FALSE,FALSE,FALSE,TRUE,FALSE,NA,NA,NA,NA
147,2001,WW,FALSE,FALSE,FALSE,FALSE,FALSE,FALSE,FALSE,FALSE,NA,NA,NA,NA
147,2004,WW,FALSE,FALSE,TRUE,FALSE,FALSE,FALSE,TRUE,FALSE,NA,NA,NA,NA
147,2011,SW,TRUE,FALSE,NA,NA,NA,NA,NA,NA,NA,NA,NA,NA
49,1999,SW,FALSE,FALSE,FALSE,FALSE,FALSE,FALSE,FALSE,FALSE,TRUE,TRUE,FALSE,FALSE
49,2002,SW,FALSE,FALSE,FALSE,FALSE,FALSE,FALSE,FALSE,FALSE,FALSE,FALSE,FALSE,FALSE
74,2001,SB,FALSE,TRUE,FALSE,FALSE,FALSE,FALSE,FALSE,FALSE,NA,NA,NA,NA
43,2013,WW,TRUE,TRUE,NA,NA,NA,NA,NA,NA,NA,NA,NA,NA
76,2005,WW,FALSE,TRUE,FALSE,FALSE,FALSE,FALSE,FALSE,FALSE,NA,NA,NA,NA
27,1999,SW,FALSE,FALSE,FALSE,FALSE,FALSE,FALSE,FALSE,FALSE,FALSE,FALSE,FALSE,TRUE
27,2001,SW,FALSE,FALSE,FALSE,FALSE,FALSE,FALSE,FALSE,FALSE,FALSE,FALSE,TRUE,TRUE
53,1999,SW,FALSE,FALSE,FALSE,FALSE,TRUE,TRUE,FALSE,FALSE,FALSE,FALSE,FALSE,FALSE
53,2000,SB,FALSE,FALSE,FALSE,FALSE,FALSE,TRUE,FALSE,FALSE,NA,NA,NA,NA
78,2009,GB,FALSE,FALSE,FALSE,FALSE,FALSE,TRUE,FALSE,FALSE,NA,NA,NA,NA
79,2006,WL,FALSE,FALSE,FALSE,FALSE,TRUE,TRUE,FALSE,FALSE,NA,NA,NA,NA
79,2009,GB,FALSE,FALSE,TRUE,TRUE,FALSE,FALSE,TRUE,TRUE,NA,NA,NA,NA
30,2005,WW,FALSE,FALSE,FALSE,FALSE,FALSE,FALSE,FALSE,FALSE,NA,NA,NA,NA
54,1999,SW,FALSE,FALSE,FALSE,FALSE,TRUE,TRUE,FALSE,FALSE,FALSE,FALSE,FALSE,FALSE
54,2009,WT,FALSE,FALSE,FALSE,FALSE,TRUE,TRUE,FALSE,FALSE,NA,NA,NA,NA
33,2005,WW,FALSE,FALSE,FALSE,FALSE,FALSE,FALSE,FALSE,FALSE,NA,NA,NA,NA
57,2000,SB,FALSE,FALSE,FALSE,FALSE,FALSE,FALSE,FALSE,FALSE,FALSE,FALSE,TRUE,TRUE
57,2001,SW,FALSE,FALSE,FALSE,FALSE,FALSE,FALSE,FALSE,FALSE,FALSE,FALSE,FALSE,TRUE
82,2016,SC,FALSE,FALSE,NA,NA,NA,NA,NA,NA,NA,NA,NA,NA
55,1999,SW,FALSE,FALSE,FALSE,FALSE,TRUE,TRUE,FALSE,FALSE,FALSE,FALSE,FALSE,FALSE
56,1999,SW,FALSE,FALSE,FALSE,FALSE,TRUE,TRUE,FALSE,FALSE,TRUE,TRUE,FALSE,FALSE
34,1999,SW,FALSE,FALSE,FALSE,FALSE,FALSE,FALSE,FALSE,FALSE,FALSE,FALSE,FALSE,TRUE
34,2000,SB,FALSE,FALSE,FALSE,FALSE,FALSE,FALSE,FALSE,FALSE,FALSE,FALSE,FALSE,TRUE
36,2005,WP,FALSE,FALSE,FALSE,FALSE,FALSE,FALSE,FALSE,FALSE,NA,NA,NA,NA
37,2001,WW,FALSE,FALSE,FALSE,TRUE,FALSE,FALSE,FALSE,TRUE,NA,NA,NA,NA
62,1999,SW,FALSE,FALSE,FALSE,FALSE,TRUE,TRUE,FALSE,FALSE,FALSE,FALSE,FALSE,FALSE
62,2006,SW,FALSE,FALSE,FALSE,FALSE,FALSE,FALSE,FALSE,FALSE,NA,NA,NA,NA
88,2002,WB,FALSE,FALSE,TRUE,FALSE,FALSE,FALSE,TRUE,FALSE,NA,NA,NA,NA
90,2003,SW,FALSE,FALSE,FALSE,FALSE,FALSE,FALSE,FALSE,FALSE,TRUE,TRUE,FALSE,FALSE
91,2003,SW,FALSE,FALSE,FALSE,FALSE,FALSE,FALSE,FALSE,FALSE,TRUE,TRUE,FALSE,FALSE
92,2010,WW,FALSE,FALSE,NA,NA,NA,NA,NA,NA,NA,NA,NA,NA
4,1999,SW,FALSE,FALSE,FALSE,FALSE,FALSE,TRUE,FALSE,FALSE,FALSE,FALSE,FALSE,FALSE
4,2000,SB,FALSE,FALSE,FALSE,FALSE,FALSE,TRUE,FALSE,FALSE,NA,NA,NA,NA
4,2006,WW,FALSE,FALSE,FALSE,TRUE,FALSE,FALSE,FALSE,TRUE,NA,NA,NA,NA
2,1999,SW,FALSE,FALSE,FALSE,FALSE,FALSE,TRUE,FALSE,FALSE,FALSE,FALSE,FALSE,FALSE
2,2000,SB,FALSE,FALSE,FALSE,FALSE,FALSE,TRUE,FALSE,FALSE,NA,NA,NA,NA
2,2002,SW,FALSE,FALSE,FALSE,TRUE,FALSE,FALSE,FALSE,TRUE,FALSE,FALSE,FALSE,FALSE
3,1999,SW,FALSE,FALSE,FALSE,FALSE,FALSE,TRUE,FALSE,FALSE,FALSE,FALSE,FALSE,FALSE
1,1999,SW,FALSE,FALSE,FALSE,FALSE,FALSE,TRUE,FALSE,FALSE,FALSE,FALSE,FALSE,FALSE
1,2000,SB,FALSE,FALSE,FALSE,FALSE,FALSE,TRUE,FALSE,FALSE,NA,NA,NA,NA
5,1999,SW,FALSE,FALSE,FALSE,FALSE,FALSE,TRUE,FALSE,FALSE,FALSE,FALSE,FALSE,FALSE
5,2000,SB,FALSE,FALSE,FALSE,FALSE,FALSE,TRUE,FALSE,FALSE,NA,NA,NA,NA
5,2009,SC,FALSE,FALSE,TRUE,FALSE,FALSE,FALSE,TRUE,FALSE,NA,NA,NA,NA
6,1999,SW,FALSE,FALSE,FALSE,FALSE,FALSE,FALSE,FALSE,FALSE,TRUE,TRUE,FALSE,FALSE
7,1999,SW,FALSE,FALSE,FALSE,FALSE,FALSE,FALSE,FALSE,FALSE,TRUE,TRUE,FALSE,FALSE
8,2000,SB,FALSE,FALSE,FALSE,FALSE,FALSE,TRUE,FALSE,FALSE,NA,NA,NA,NA
11,1999,SW,FALSE,FALSE,FALSE,FALSE,FALSE,FALSE,FALSE,FALSE,FALSE,FALSE,TRUE,FALSE
12,2003,SP,FALSE,FALSE,FALSE,FALSE,TRUE,FALSE,FALSE,FALSE,NA,NA,NA,NA
12,2004,SW,FALSE,FALSE,FALSE,FALSE,FALSE,TRUE,FALSE,FALSE,NA,NA,NA,NA
13,2000,SB,FALSE,FALSE,FALSE,FALSE,FALSE,TRUE,FALSE,FALSE,FALSE,FALSE,FALSE,FALSE
13,2001,WW,FALSE,FALSE,TRUE,TRUE,FALSE,TRUE,TRUE,TRUE,NA,NA,NA,NA
13,2002,WC,FALSE,FALSE,FALSE,FALSE,FALSE,TRUE,FALSE,FALSE,NA,NA,NA,NA
14,2003,SW,FALSE,FALSE,TRUE,FALSE,FALSE,FALSE,TRUE,FALSE,FALSE,FALSE,TRUE,TRUE
15,2000,SB,FALSE,FALSE,FALSE,FALSE,FALSE,TRUE,FALSE,FALSE,FALSE,FALSE,FALSE,FALSE
17,2001,WW,FALSE,FALSE,FALSE,FALSE,FALSE,FALSE,FALSE,FALSE,NA,NA,NA,NA
17,2003,SW,TRUE,TRUE,FALSE,FALSE,FALSE,FALSE,FALSE,FALSE,NA,NA,NA,NA
17,2009,SW,TRUE,FALSE,FALSE,FALSE,NA,NA,FALSE,FALSE,NA,NA,NA,NA
17,2010,WW,FALSE,FALSE,NA,NA,NA,NA,NA,NA,NA,NA,NA,NA
17,2015,GB,FALSE,FALSE,NA,NA,NA,NA,NA,NA,NA,NA,NA,NA
348,2017,SW,FALSE,FALSE,FALSE,FALSE,NA,NA,FALSE,FALSE,NA,NA,NA,NA
381,2017,SW,FALSE,FALSE,FALSE,FALSE,NA,NA,FALSE,FALSE,TRUE,FALSE,FALSE,FALSE
273,2017,SW,FALSE,FALSE,FALSE,FALSE,NA,NA,FALSE,FALSE,FALSE,FALSE,TRUE,FALSE
205,2017,SW,FALSE,FALSE,FALSE,FALSE,NA,NA,FALSE,FALSE,TRUE,FALSE,FALSE,FALSE
179,2017,SW,FALSE,FALSE,FALSE,FALSE,NA,NA,FALSE,FALSE,TRUE,TRUE,FALSE,FALSE
177,2017,SW,FALSE,FALSE,FALSE,FALSE,NA,NA,FALSE,FALSE,TRUE,FALSE,FALSE,FALSE
175,2017,SW,FALSE,FALSE,FALSE,FALSE,NA,NA,FALSE,FALSE,TRUE,FALSE,FALSE,FALSE
200,2017,SW,FALSE,FALSE,FALSE,FALSE,NA,NA,FALSE,FALSE,NA,NA,NA,NA
133,2017,SW,FALSE,FALSE,FALSE,FALSE,NA,NA,FALSE,FALSE,TRUE,TRUE,FALSE,FALSE
43,2017,SW,FALSE,FALSE,FALSE,FALSE,NA,NA,FALSE,FALSE,FALSE,FALSE,FALSE,FALSE
85,2017,SW,FALSE,FALSE,FALSE,FALSE,NA,NA,FALSE,FALSE,TRUE,TRUE,FALSE,FALSE
65,2017,SW,FALSE,FALSE,FALSE,FALSE,NA,NA,FALSE,FALSE,TRUE,TRUE,FALSE,FALSE
525,2017,SW,FALSE,FALSE,FALSE,TRUE,NA,NA,FALSE,TRUE,FALSE,FALSE,FALSE,FALSE
561,2017,SW,FALSE,TRUE,FALSE,FALSE,NA,NA,FALSE,FALSE,FALSE,FALSE,FALSE,FALSE
562,2017,SW,FALSE,FALSE,FALSE,FALSE,NA,NA,FALSE,FALSE,NA,NA,NA,NA
575,2017,SW,FALSE,FALSE,FALSE,FALSE,NA,NA,FALSE,FALSE,FALSE,TRUE,FALSE,FALSE
583,2017,SW,FALSE,FALSE,FALSE,FALSE,NA,NA,FALSE,FALSE,TRUE,TRUE,FALSE,FALSE
616,2017,SW,FALSE,FALSE,TRUE,FALSE,NA,NA,TRUE,FALSE,FALSE,FALSE,TRUE,FALSE
622,2017,SW,FALSE,FALSE,FALSE,FALSE,NA,NA,FALSE,FALSE,FALSE,FALSE,TRUE,FALSE
658,2017,SW,FALSE,FALSE,TRUE,FALSE,NA,NA,TRUE,FALSE,NA,NA,NA,NA
660,2017,SW,FALSE,FALSE,TRUE,FALSE,NA,NA,TRUE,FALSE,NA,NA,NA,NA
661,2017,SW,FALSE,FALSE,TRUE,TRUE,NA,NA,TRUE,TRUE,FALSE,FALSE,FALSE,FALSE
667,2017,SW,FALSE,FALSE,TRUE,FALSE,NA,NA,TRUE,FALSE,FALSE,FALSE,TRUE,FALSE
672,2017,SW,FALSE,FALSE,TRUE,FALSE,NA,NA,TRUE,FALSE,NA,NA,NA,NA
675,2017,SW,FALSE,FALSE,TRUE,FALSE,NA,NA,TRUE,FALSE,FALSE,FALSE,TRUE,FALSE
400,2018,GB,FALSE,FALSE,FALSE,FALSE,FALSE,FALSE,FALSE,FALSE,FALSE,FALSE,FALSE,TRUE
372,2018,GB,TRUE,FALSE,FALSE,FALSE,FALSE,FALSE,FALSE,FALSE,FALSE,FALSE,FALSE,FALSE
289,2018,GB,TRUE,TRUE,FALSE,FALSE,FALSE,FALSE,FALSE,FALSE,FALSE,FALSE,FALSE,FALSE
229,2018,GB,FALSE,FALSE,FALSE,FALSE,FALSE,FALSE,FALSE,FALSE,FALSE,FALSE,FALSE,TRUE
252,2018,GB,FALSE,FALSE,FALSE,FALSE,FALSE,FALSE,FALSE,FALSE,FALSE,FALSE,FALSE,TRUE
228,2018,GB,FALSE,FALSE,FALSE,FALSE,FALSE,FALSE,FALSE,FALSE,FALSE,FALSE,TRUE,TRUE
226,2018,GB,FALSE,FALSE,FALSE,FALSE,FALSE,FALSE,FALSE,FALSE,TRUE,TRUE,FALSE,FALSE
204,2018,GB,FALSE,FALSE,FALSE,FALSE,FALSE,FALSE,FALSE,FALSE,FALSE,TRUE,FALSE,FALSE
156,2018,GB,FALSE,FALSE,FALSE,FALSE,FALSE,FALSE,FALSE,FALSE,FALSE,TRUE,FALSE,FALSE
160,2018,GB,FALSE,FALSE,FALSE,FALSE,FALSE,FALSE,FALSE,FALSE,FALSE,FALSE,FALSE,TRUE
162,2018,GB,FALSE,FALSE,FALSE,TRUE,FALSE,FALSE,FALSE,TRUE,FALSE,FALSE,FALSE,FALSE
189,2018,GB,TRUE,FALSE,FALSE,FALSE,FALSE,FALSE,FALSE,FALSE,FALSE,FALSE,FALSE,FALSE
214,2018,GB,TRUE,TRUE,FALSE,FALSE,FALSE,FALSE,FALSE,FALSE,FALSE,FALSE,FALSE,FALSE
222,2018,GB,FALSE,FALSE,FALSE,FALSE,TRUE,TRUE,FALSE,FALSE,FALSE,FALSE,FALSE,FALSE
142,2018,GB,FALSE,FALSE,FALSE,FALSE,FALSE,FALSE,FALSE,FALSE,FALSE,TRUE,FALSE,FALSE
144,2018,GB,FALSE,FALSE,FALSE,FALSE,FALSE,FALSE,FALSE,FALSE,FALSE,TRUE,FALSE,FALSE
45,2018,GB,FALSE,FALSE,FALSE,FALSE,FALSE,FALSE,FALSE,FALSE,FALSE,FALSE,FALSE,FALSE
69,2018,GB,FALSE,TRUE,FALSE,FALSE,FALSE,FALSE,FALSE,FALSE,FALSE,FALSE,FALSE,FALSE
43,2018,GB,FALSE,FALSE,FALSE,FALSE,FALSE,FALSE,FALSE,FALSE,FALSE,FALSE,FALSE,FALSE
84,2018,GB,FALSE,FALSE,TRUE,TRUE,TRUE,TRUE,TRUE,TRUE,NA,NA,NA,NA
37,2018,GB,FALSE,FALSE,FALSE,FALSE,FALSE,FALSE,FALSE,FALSE,FALSE,FALSE,TRUE,TRUE
40,2018,GB,FALSE,FALSE,FALSE,TRUE,FALSE,FALSE,FALSE,TRUE,FALSE,FALSE,TRUE,TRUE
65,2018,GB,FALSE,FALSE,FALSE,FALSE,FALSE,FALSE,FALSE,FALSE,FALSE,TRUE,FALSE,FALSE
495,2018,GB,TRUE,TRUE,FALSE,FALSE,FALSE,FALSE,FALSE,FALSE,FALSE,FALSE,FALSE,FALSE
526,2018,GB,FALSE,FALSE,FALSE,TRUE,FALSE,FALSE,FALSE,TRUE,NA,NA,NA,NA
534,2018,GB,FALSE,FALSE,FALSE,FALSE,FALSE,FALSE,FALSE,FALSE,FALSE,FALSE,FALSE,TRUE
535,2018,GB,TRUE,FALSE,FALSE,FALSE,FALSE,FALSE,FALSE,FALSE,FALSE,FALSE,FALSE,FALSE
548,2018,GB,FALSE,TRUE,FALSE,FALSE,FALSE,FALSE,FALSE,FALSE,FALSE,FALSE,FALSE,FALSE
560,2018,GB,FALSE,TRUE,FALSE,FALSE,FALSE,FALSE,FALSE,FALSE,NA,NA,NA,NA
561,2018,GB,FALSE,TRUE,FALSE,FALSE,FALSE,FALSE,FALSE,FALSE,FALSE,FALSE,FALSE,FALSE
582,2018,GB,FALSE,FALSE,FALSE,FALSE,FALSE,FALSE,FALSE,FALSE,FALSE,FALSE,TRUE,TRUE
587,2018,GB,FALSE,FALSE,TRUE,FALSE,FALSE,FALSE,TRUE,FALSE,FALSE,FALSE,FALSE,FALSE
611,2018,GB,FALSE,FALSE,FALSE,FALSE,FALSE,FALSE,FALSE,FALSE,FALSE,FALSE,FALSE,TRUE
621,2018,GB,FALSE,FALSE,FALSE,FALSE,FALSE,FALSE,FALSE,FALSE,FALSE,FALSE,TRUE,FALSE
625,2018,GB,FALSE,FALSE,FALSE,FALSE,FALSE,FALSE,FALSE,FALSE,FALSE,FALSE,FALSE,FALSE
627,2018,GB,TRUE,FALSE,FALSE,FALSE,FALSE,FALSE,FALSE,FALSE,NA,NA,NA,NA
630,2018,GB,FALSE,FALSE,FALSE,FALSE,FALSE,FALSE,FALSE,FALSE,FALSE,FALSE,FALSE,TRUE
642,2018,GB,FALSE,FALSE,FALSE,FALSE,FALSE,FALSE,FALSE,FALSE,FALSE,TRUE,FALSE,FALSE
651,2018,GB,FALSE,FALSE,FALSE,FALSE,FALSE,FALSE,FALSE,FALSE,FALSE,FALSE,TRUE,FALSE
667,2018,GB,FALSE,FALSE,FALSE,FALSE,FALSE,FALSE,FALSE,FALSE,FALSE,FALSE,TRUE,FALSE
400,2019,WW,FALSE,FALSE,FALSE,FALSE,NA,NA,FALSE,FALSE,FALSE,FALSE,TRUE,TRUE
348,2019,WW,FALSE,FALSE,TRUE,TRUE,NA,NA,TRUE,TRUE,FALSE,FALSE,FALSE,FALSE
298,2019,WW,FALSE,FALSE,FALSE,FALSE,NA,NA,FALSE,FALSE,FALSE,FALSE,FALSE,TRUE
229,2019,WW,FALSE,FALSE,FALSE,FALSE,NA,NA,FALSE,FALSE,FALSE,FALSE,FALSE,TRUE
228,2019,WW,FALSE,FALSE,FALSE,FALSE,NA,NA,FALSE,FALSE,FALSE,FALSE,FALSE,TRUE
226,2019,WW,FALSE,FALSE,FALSE,FALSE,NA,NA,FALSE,FALSE,FALSE,TRUE,FALSE,FALSE
155,2019,WW,FALSE,FALSE,FALSE,FALSE,NA,NA,FALSE,FALSE,TRUE,TRUE,FALSE,FALSE
205,2019,WW,FALSE,FALSE,FALSE,FALSE,NA,NA,FALSE,FALSE,FALSE,TRUE,FALSE,FALSE
153,2019,WW,FALSE,FALSE,FALSE,FALSE,NA,NA,FALSE,FALSE,TRUE,TRUE,FALSE,FALSE
204,2019,WW,FALSE,FALSE,FALSE,FALSE,NA,NA,FALSE,FALSE,FALSE,TRUE,FALSE,FALSE
150,2019,WW,FALSE,FALSE,FALSE,FALSE,NA,NA,FALSE,FALSE,FALSE,TRUE,FALSE,FALSE
200,2019,WW,FALSE,FALSE,TRUE,TRUE,NA,NA,TRUE,TRUE,FALSE,FALSE,FALSE,FALSE
156,2019,WW,FALSE,FALSE,FALSE,FALSE,NA,NA,FALSE,FALSE,TRUE,TRUE,FALSE,FALSE
157,2019,WW,FALSE,FALSE,FALSE,FALSE,NA,NA,FALSE,FALSE,FALSE,FALSE,FALSE,TRUE
160,2019,WW,FALSE,FALSE,FALSE,FALSE,NA,NA,FALSE,FALSE,FALSE,FALSE,TRUE,TRUE
109,2019,WW,FALSE,FALSE,FALSE,FALSE,NA,NA,FALSE,FALSE,FALSE,FALSE,TRUE,TRUE
142,2019,WW,FALSE,FALSE,FALSE,FALSE,NA,NA,FALSE,FALSE,FALSE,TRUE,FALSE,FALSE
143,2019,WW,FALSE,FALSE,FALSE,FALSE,NA,NA,FALSE,FALSE,FALSE,TRUE,FALSE,FALSE
144,2019,WW,FALSE,FALSE,FALSE,FALSE,NA,NA,FALSE,FALSE,FALSE,TRUE,FALSE,FALSE
43,2019,WW,FALSE,FALSE,FALSE,FALSE,NA,NA,FALSE,FALSE,FALSE,FALSE,FALSE,FALSE
40,2019,WW,FALSE,FALSE,FALSE,TRUE,NA,NA,FALSE,TRUE,FALSE,FALSE,FALSE,TRUE
435,2019,WW,FALSE,FALSE,FALSE,FALSE,NA,NA,FALSE,FALSE,FALSE,FALSE,TRUE,FALSE
436,2019,WW,FALSE,FALSE,FALSE,FALSE,NA,NA,FALSE,FALSE,FALSE,FALSE,TRUE,TRUE
437,2019,WW,FALSE,FALSE,FALSE,FALSE,NA,NA,FALSE,FALSE,FALSE,FALSE,TRUE,FALSE
448,2019,WW,FALSE,FALSE,TRUE,TRUE,NA,NA,TRUE,TRUE,FALSE,FALSE,FALSE,FALSE
453,2019,WW,FALSE,FALSE,TRUE,TRUE,NA,NA,TRUE,TRUE,FALSE,FALSE,TRUE,TRUE
480,2019,WW,FALSE,FALSE,TRUE,TRUE,NA,NA,TRUE,TRUE,FALSE,FALSE,FALSE,FALSE
490,2019,WW,FALSE,FALSE,TRUE,TRUE,NA,NA,TRUE,TRUE,FALSE,FALSE,FALSE,FALSE
495,2019,WW,FALSE,FALSE,FALSE,FALSE,NA,NA,FALSE,FALSE,FALSE,FALSE,FALSE,FALSE
501,2019,WW,FALSE,TRUE,FALSE,FALSE,NA,NA,FALSE,FALSE,FALSE,FALSE,FALSE,FALSE
526,2019,WW,TRUE,FALSE,TRUE,TRUE,NA,NA,TRUE,TRUE,FALSE,FALSE,TRUE,TRUE
534,2019,WW,FALSE,TRUE,FALSE,TRUE,NA,NA,FALSE,TRUE,FALSE,FALSE,FALSE,TRUE
538,2019,WW,FALSE,FALSE,FALSE,FALSE,NA,NA,FALSE,FALSE,TRUE,TRUE,FALSE,FALSE
541,2019,WW,FALSE,FALSE,FALSE,TRUE,NA,NA,FALSE,TRUE,FALSE,FALSE,FALSE,FALSE
548,2019,WW,FALSE,TRUE,FALSE,TRUE,NA,NA,FALSE,TRUE,FALSE,FALSE,FALSE,FALSE
582,2019,WW,FALSE,FALSE,FALSE,FALSE,NA,NA,FALSE,FALSE,FALSE,FALSE,FALSE,TRUE
593,2019,WW,FALSE,FALSE,FALSE,FALSE,NA,NA,FALSE,FALSE,FALSE,FALSE,TRUE,TRUE
616,2019,WW,FALSE,FALSE,FALSE,FALSE,NA,NA,FALSE,FALSE,FALSE,FALSE,FALSE,TRUE
630,2019,WW,FALSE,FALSE,FALSE,FALSE,NA,NA,FALSE,FALSE,FALSE,FALSE,TRUE,TRUE
642,2019,WW,FALSE,FALSE,FALSE,FALSE,NA,NA,FALSE,FALSE,FALSE,TRUE,FALSE,FALSE
661,2019,WW,FALSE,FALSE,FALSE,TRUE,NA,NA,FALSE,TRUE,FALSE,FALSE,FALSE,FALSE
