Analysis Time,Product Name,Product Code,Sample Type,Sample Number,Sample Comment,Instrument Name,Instrument Serial Number,Protein0%,Standard Deviation Protein0%,Min Protein0%,Max Protein0%,Residual Protein0%,Leverage Protein0%,Ref Protein0%,Moisture,Standard Deviation Moisture,Min Moisture,Max Moisture,Residual Moisture,Leverage Moisture,Ref Moisture,Starch0%,Standard Deviation Starch0%,Min Starch0%,Max Starch0%,Residual Starch0%,Leverage Starch0%,Ref Starch0%,Gluten0%,Standard Deviation Gluten0%,Min Gluten0%,Max Gluten0%,Residual Gluten0%,Leverage Gluten0%,Ref Gluten0%,Zeleny0%,Standard Deviation Zeleny0%,Min Zeleny0%,Max Zeleny0%,Residual Zeleny0%,Leverage Zeleny0%,Ref Zeleny0%,TW,Ref TW,Calibration type
10/25/2023 9:53,Wheat I,60073696 WH,Normal,9A_1_Lime_O_2023_SW_GrSample-0045,,Infratec,91915904,10.73,0.094,10.516,10.826,0,0,,11.4,0.023,11.357,11.425,0,0,,,,,,,,,,,,,,,,,,,,,,,62.27,,
10/25/2023 9:57,Wheat I,60073696 WH,Normal,2A_2_Lime_N_2023_WW_GrSample-0046,,Infratec,91915904,11.07,0.186,10.849,11.342,0,0,,11.33,0.015,11.297,11.349,0,0,,,,,,,,,,,,,,,,,,,,,,,63.06,,
10/25/2023 10:00,Wheat I,60073696 WH,Normal,4A_2_Lime_O_2023_WW_GrSample-0047,,Infratec,91915904,10.37,0.133,10.119,10.524,0,0,,11.46,0.032,11.401,11.505,0,0,,,,,,,,,,,,,,,,,,,,,,,62.75,,
10/25/2023 16:12,Field Peas II,60073677 PE,Normal,CW664_GP_2023_WP_GrSample-0003,,Infratec,91915904,22.17,1.464,20.527,24.845,0,0,,10.39,0.176,10.095,10.62,0,0,,,,,,,,,,,,,,,,,,,,,,,64.91,,
10/26/2023 11:49,Field Peas II,60073677 PE,Normal,CW664_GP_2023_WP_GrSample-0011,,Infratec,91915904,21.16,0.803,20.39,22.317,0,1,,10.45,0.076,10.369,10.618,0,0,,,,,,,,,,,,,,,,,,,,,,,,,
10/26/2023 11:53,Field Peas II,60073677 PE,Normal,CW665_GP_2023_WP_Gr,,Infratec,91915904,21.87,1.653,20.982,26.446,0,0,,10.42,0.103,10.259,10.607,0,0,,,,,,,,,,,,,,,,,,,,,,,,,
10/26/2023 11:57,Field Peas II,60073677 PE,Normal,CW660_GP_2023_WP_Gr,,Infratec,91915904,20.33,0.09,20.275,20.559,0,0,,10.39,0.165,10.121,10.565,0,0,,,,,,,,,,,,,,,,,,,,,,,,,
10/26/2023 12:00,Field Peas II,60073677 PE,Normal,CW669_GP_2023_WP_Gr,,Infratec,91915904,21.88,0.609,20.811,22.736,0,0,,10.67,0.223,10.26,11.026,0,0,,,,,,,,,,,,,,,,,,,,,,,,,
10/26/2023 12:11,Field Peas II,60073677 PE,Normal,CW672_GP_2023_WP_Gr,,Infratec,91915904,20.4,0.144,20.289,20.659,0,1,,10.77,0.12,10.566,10.958,0,0,,,,,,,,,,,,,,,,,,,,,,,,,
10/26/2023 12:15,Field Peas II,60073677 PE,Normal,CW673_GP_2023_WP_Gr,,Infratec,91915904,20.77,0.552,20.292,22.015,0,0,,10.44,0.218,10.141,10.726,0,0,,,,,,,,,,,,,,,,,,,,,,,,,
10/26/2023 12:34,Field Peas II,60073677 PE,Normal,CW661_GP_2023_WP_Gr,,Infratec,91915904,22.24,1.423,20.718,25.493,0,0,,10.02,0.144,9.695,10.179,0,0,,,,,,,,,,,,,,,,,,,,,,,,,
10/26/2023 12:40,Field Peas II,60073677 PE,Normal,CW668_GP_2023_WP_Gr,,Infratec,91915904,21.56,1.658,20.513,25.178,0,0,,10.91,0.095,10.791,11.055,0,0,,,,,,,,,,,,,,,,,,,,,,,,,
10/26/2023 12:43,Field Peas II,60073677 PE,Normal,CW671_GP_2023_WP_Gr,,Infratec,91915904,21.24,0.667,20.533,22.3,0,0,,10.59,0.146,10.328,10.799,0,0,,,,,,,,,,,,,,,,,,,,,,,,,
10/26/2023 12:46,Field Peas II,60073677 PE,Normal,CW662_GP_2023_WP_Gr,,Infratec,91915904,20.77,0.489,20.312,21.634,0,0,,10.5,0.067,10.42,10.595,0,0,,,,,,,,,,,,,,,,,,,,,,,,,
10/26/2023 12:48,Field Peas II,60073677 PE,Normal,CW670_GP_2023_WP_Gr,,Infratec,91915904,21.7,1.318,20.548,24.018,0,0,,10.13,0.25,9.757,10.365,0,0,,,,,,,,,,,,,,,,,,,,,,,,,
10/26/2023 13:06,Field Peas II,60073677 PE,Normal,CW675_GP_2023_WP_Gr,,Infratec,91915904,21.11,0.809,20.295,22.132,0,0,,11,0.135,10.786,11.2,0,0,,,,,,,,,,,,,,,,,,,,,,,,,
10/26/2023 13:09,Field Peas II,60073677 PE,Normal,CW674_GP_2023_WP_Gr,,Infratec,91915904,20.95,0.553,20.379,22.17,0,0,,10.41,0.132,10.096,10.55,0,0,,,,,,,,,,,,,,,,,,,,,,,,,
10/26/2023 13:12,Field Peas II,60073677 PE,Normal,CW666_GP_2023_WP_Gr,,Infratec,91915904,23.53,1.68,20.737,25.462,0,0,,10.27,0.046,10.193,10.324,0,0,,,,,,,,,,,,,,,,,,,,,,,,,
10/26/2023 13:14,Field Peas II,60073677 PE,Normal,CW663_GP_2023_WP_Gr,,Infratec,91915904,21.96,1.082,20.498,23.806,0,0,,9.85,0.071,9.747,9.952,0,0,,,,,,,,,,,,,,,,,,,,,,,,,
10/26/2023 13:17,Field Peas II,60073677 PE,Normal,CW667_GP_2023_WP_Gr,,Infratec,91915904,21.48,1.061,20.331,23.665,0,0,,11.04,0.117,10.82,11.173,0,0,,,,,,,,,,,,,,,,,,,,,,,,,
10/27/2023 8:49,Field Peas II,60073677 PE,Normal,CW649_GP_2023_WP_Gr,,Infratec,91915904,22.18,0.958,20.88,24.298,0,0,,10.2,0.101,10.063,10.341,0,0,,,,,,,,,,,,,,,,,,,,,,,,,
10/27/2023 8:54,Field Peas II,60073677 PE,Normal,CW644_GP_2023_WP_Gr,,Infratec,91915904,20.48,0.104,20.294,20.669,0,0,,10.49,0.157,10.154,10.656,0,0,,,,,,,,,,,,,,,,,,,,,,,,,
10/27/2023 8:58,Field Peas II,60073677 PE,Normal,CW642_GP_2023_WP_Gr,,Infratec,91915904,23.26,1.335,21.189,25.759,0,0,,10.11,0.096,9.986,10.258,0,0,,,,,,,,,,,,,,,,,,,,,,,,,
10/27/2023 9:03,Field Peas II,60073677 PE,Normal,CW645_GP_2023_WP_Gr,,Infratec,91915904,20.82,0.444,20.435,21.777,0,0,,10.46,0.103,10.294,10.568,0,0,,,,,,,,,,,,,,,,,,,,,,,,,
10/27/2023 9:07,Field Peas II,60073677 PE,Normal,CW647_GP_2023_WP_Gr,,Infratec,91915904,21.02,0.918,20.31,22.883,0,0,,10.2,0.221,9.897,10.476,0,0,,,,,,,,,,,,,,,,,,,,,,,,,
10/27/2023 9:11,Field Peas II,60073677 PE,Normal,CW651_GP_2023_WP_Gr,,Infratec,91915904,22.05,0.639,20.788,22.833,0,0,,10.69,0.167,10.427,10.988,0,0,,,,,,,,,,,,,,,,,,,,,,,,,
10/27/2023 9:15,Field Peas II,60073677 PE,Normal,CW643_GP_2023_WP_Gr,,Infratec,91915904,22.08,1.259,20.58,23.641,0,0,,10.35,0.245,10.09,10.769,0,0,,,,,,,,,,,,,,,,,,,,,,,,,
10/27/2023 9:19,Field Peas II,60073677 PE,Normal,CW656_GP_2023_WP_Gr,,Infratec,91915904,21.55,0.888,20.464,23.364,0,0,,10.53,0.115,10.35,10.639,0,0,,,,,,,,,,,,,,,,,,,,,,,,,
10/27/2023 9:23,Field Peas II,60073677 PE,Normal,CW659_GP_2023_WP_Gr,,Infratec,91915904,21.95,1.342,20.299,23.743,0,0,,10,0.194,9.662,10.25,0,0,,,,,,,,,,,,,,,,,,,,,,,,,
10/27/2023 9:27,Field Peas II,60073677 PE,Normal,CW648_GP_2023_WP_Gr,,Infratec,91915904,22.37,0.697,21.49,23.464,0,0,,10.63,0.085,10.486,10.751,0,0,,,,,,,,,,,,,,,,,,,,,,,,,
10/27/2023 9:31,Field Peas II,60073677 PE,Normal,CW652_GP_2023_WP_Gr,,Infratec,91915904,20.94,0.63,20.416,21.93,0,0,,10.28,0.109,10.094,10.414,0,0,,,,,,,,,,,,,,,,,,,,,,,,,
10/27/2023 9:36,Field Peas II,60073677 PE,Normal,CW658_GP_2023_WP_Gr,,Infratec,91915904,21.23,0.833,20.316,22.936,0,0,,10.19,0.124,9.984,10.353,0,0,,,,,,,,,,,,,,,,,,,,,,,,,
10/27/2023 9:39,Field Peas II,60073677 PE,Normal,CW654_GP_2023_WP_Gr,,Infratec,91915904,21.3,1.724,20.34,26.034,0,0,,10.66,0.633,10.302,12.44,0,0,,,,,,,,,,,,,,,,,,,,,,,,,
10/27/2023 9:43,Field Peas II,60073677 PE,Normal,CW646_GP_2023_WP_Gr,,Infratec,91915904,21.05,0.613,20.329,21.934,0,0,,10.43,0.155,10.171,10.697,0,0,,,,,,,,,,,,,,,,,,,,,,,,,
10/27/2023 9:46,Field Peas II,60073677 PE,Normal,CW640_GP_2023_WP_Gr,,Infratec,91915904,21.09,0.499,20.34,21.833,0,0,,10.19,0.214,9.841,10.486,0,0,,,,,,,,,,,,,,,,,,,,,,,,,
10/27/2023 9:55,Field Peas II,60073677 PE,Normal,,,Infratec,91915904,,,,,,,,,,,,,,,,,,,,,,,,,,,,,,,,,,,,,,
10/27/2023 9:56,Field Peas II,60073677 PE,Normal,CW657_GP_2023_WP_Gr,,Infratec,91915904,20.98,0.571,20.313,22.258,0,0,,10.51,0.121,10.345,10.646,0,0,,,,,,,,,,,,,,,,,,,,,,,,,
10/27/2023 10:00,Field Peas II,60073677 PE,Normal,CW655_GP_2023_WP_Gr,,Infratec,91915904,23.3,0.928,21.973,24.656,0,0,,10.58,0.107,10.439,10.753,0,0,,,,,,,,,,,,,,,,,,,,,,,,,
10/27/2023 10:04,Field Peas II,60073677 PE,Normal,CW641_GP_2023_WP_Gr,,Infratec,91915904,20.97,0.541,20.435,22.003,0,0,,10.3,0.135,10.154,10.581,0,0,,,,,,,,,,,,,,,,,,,,,,,,,
10/27/2023 10:08,Field Peas II,60073677 PE,Normal,CW650_GP_2023_WP_Gr,,Infratec,91915904,21.3,1.58,20.297,25.082,0,0,,10.82,0.163,10.428,10.946,0,0,,,,,,,,,,,,,,,,,,,,,,,,,
10/27/2023 10:18,Field Peas II,60073677 PE,Normal,CW653_GP_2023_WP_Gr,,Infratec,91915904,21.85,1.189,20.297,24.193,0,0,,10.93,0.134,10.64,11.078,0,0,,,,,,,,,,,,,,,,,,,,,,,,,
10/27/2023 10:57,Field Peas II,60073677 PE,Normal,CW638_GP_2023_WP_Gr,,Infratec,91915904,20.83,0.708,20.312,22.3,0,0,,10.89,0.069,10.738,10.962,0,0,,,,,,,,,,,,,,,,,,,,,,,,,
10/27/2023 11:01,Field Peas II,60073677 PE,Normal,CW630_GP_2023_WP_Gr,,Infratec,91915904,21.44,0.641,20.652,22.729,0,0,,10.48,0.085,10.319,10.583,0,0,,,,,,,,,,,,,,,,,,,,,,,,,
10/27/2023 11:03,Field Peas II,60073677 PE,Normal,CW639_GP_2023_WP_Gr,,Infratec,91915904,21.91,0.558,20.831,22.371,0,0,,10.99,0.152,10.738,11.307,0,0,,,,,,,,,,,,,,,,,,,,,,,,,
10/27/2023 11:06,Field Peas II,60073677 PE,Normal,CW636_GP_2023_WP_Gr,,Infratec,91915904,21.39,1.224,20.303,24.151,0,0,,10.43,0.195,10.152,10.704,0,0,,,,,,,,,,,,,,,,,,,,,,,,,
10/27/2023 11:09,Field Peas II,60073677 PE,Normal,CW627_GP_2023_WP_Gr,,Infratec,91915904,23.79,0.632,22.475,24.484,0,0,,10.98,0.096,10.84,11.106,0,0,,,,,,,,,,,,,,,,,,,,,,,,,
10/27/2023 11:13,Field Peas II,60073677 PE,Normal,CW629_GP_2023_WP_GrSample-0055,,Infratec,91915904,22.6,1.095,21.405,25.204,0,0,,10.89,0.218,10.305,11.108,0,0,,,,,,,,,,,,,,,,,,,,,,,,,
10/27/2023 11:15,Field Peas II,60073677 PE,Normal,CW622_GP_2023_WP_Gr,,Infratec,91915904,22.18,1.695,20.681,25.201,0,0,,10.75,0.236,10.33,11.216,0,0,,,,,,,,,,,,,,,,,,,,,,,,,
10/27/2023 11:18,Field Peas II,60073677 PE,Normal,CW633_GP_2023_WP_Gr,,Infratec,91915904,21.72,1.388,20.423,25.354,0,0,,10.92,0.58,10.505,12.544,0,0,,,,,,,,,,,,,,,,,,,,,,,,,
10/27/2023 11:21,Field Peas II,60073677 PE,Normal,CW635_GP_2023_WP_Gr,,Infratec,91915904,20.99,0.814,20.317,22.612,0,0,,10.6,0.132,10.302,10.811,0,0,,,,,,,,,,,,,,,,,,,,,,,,,
10/27/2023 11:24,Field Peas II,60073677 PE,Normal,CW625_GP_2023_WP_GrSample-0059,,Infratec,91915904,20.89,0.521,20.413,22.168,0,0,,10.62,0.22,10.218,10.993,0,0,,,,,,,,,,,,,,,,,,,,,,,,,
10/27/2023 11:27,Field Peas II,60073677 PE,Normal,CW637_GP_2023_WP_Gr,,Infratec,91915904,23.59,1.11,22.398,25.852,0,0,,11.08,0.109,10.916,11.269,0,0,,,,,,,,,,,,,,,,,,,,,,,,,
10/27/2023 11:30,Field Peas II,60073677 PE,Normal,CW626_GP_2023_WP_Gr,,Infratec,91915904,24.24,1.102,22.796,25.382,0,0,,10.67,0.098,10.539,10.832,0,0,,,,,,,,,,,,,,,,,,,,,,,,,
10/27/2023 11:34,Field Peas II,60073677 PE,Normal,CW628_GP_2023_WP_Gr,,Infratec,91915904,23.38,1.217,22.145,25.401,0,0,,10.89,0.195,10.614,11.32,0,0,,,,,,,,,,,,,,,,,,,,,,,,,
10/27/2023 11:37,Field Peas II,60073677 PE,Normal,CW632_GP_2023_WP_GrSample-0063,,Infratec,91915904,21.83,1.043,20.436,23.91,0,1,,10.63,0.056,10.562,10.752,0,0,,,,,,,,,,,,,,,,,,,,,,,,,
10/27/2023 11:40,Field Peas II,60073677 PE,Normal,CW624_GP_2023_WP_GrSample-0064,,Infratec,91915904,20.68,0.569,20.315,22.238,0,0,,10.69,0.093,10.486,10.799,0,0,,,,,,,,,,,,,,,,,,,,,,,,,
10/27/2023 11:43,Field Peas II,60073677 PE,Normal,CW620_GP_2023_WP_GrSample-0065,,Infratec,91915904,21.35,1.046,20.324,23.609,0,0,,10.26,0.142,9.988,10.463,0,0,,,,,,,,,,,,,,,,,,,,,,,,,
10/27/2023 11:49,Field Peas II,60073677 PE,Normal,,,Infratec,91915904,,,,,,,,,,,,,,,,,,,,,,,,,,,,,,,,,,,,,,
10/27/2023 11:51,Field Peas II,60073677 PE,Normal,CW621_GP_2023_WP_Gr,,Infratec,91915904,23.77,0.93,22.062,24.99,0,0,,11.01,0.61,10.686,12.731,0,0,,,,,,,,,,,,,,,,,,,,,,,,,
10/27/2023 11:55,Field Peas II,60073677 PE,Normal,CW634_GP_2023_WP_Gr,,Infratec,91915904,21.97,1.654,20.488,25.19,0,0,,11.02,0.312,10.7,11.866,0,0,,,,,,,,,,,,,,,,,,,,,,,,,
10/27/2023 11:58,Field Peas II,60073677 PE,Normal,CW623_GP_2023_WP_GrSample-0069,,Infratec,91915904,22.05,1.508,20.713,25.201,0,0,,11.22,0.13,11.101,11.501,0,0,,,,,,,,,,,,,,,,,,,,,,,,,
10/27/2023 12:00,Field Peas II,60073677 PE,Normal,CW631_GP_2023_WP_GrSample-0070,,Infratec,91915904,22.45,1.077,20.355,23.806,0,0,,10.48,0.092,10.342,10.607,0,0,,,,,,,,,,,,,,,,,,,,,,,,,
10/27/2023 13:25,Field Peas II,60073677 PE,Normal,CW611_GP_2023_WP_Gr,,Infratec,91915904,21.63,1.009,20.297,23.603,0,0,,10.77,0.101,10.568,10.884,0,0,,,,,,,,,,,,,,,,,,,,,,,,,
10/27/2023 13:28,Field Peas II,60073677 PE,Normal,CW616_GP_2023_WP_Gr,,Infratec,91915904,24.7,0.516,24.055,25.477,0,0,,10.6,0.081,10.518,10.793,0,0,,,,,,,,,,,,,,,,,,,,,,,,,
10/27/2023 13:34,Field Peas II,60073677 PE,Normal,CW613_GP_2023_WP_Gr,,Infratec,91915904,21.11,0.521,20.405,21.868,0,0,,10.11,0.066,10.02,10.222,0,0,,,,,,,,,,,,,,,,,,,,,,,,,
10/27/2023 13:37,Field Peas II,60073677 PE,Normal,CW608_GP_2023_WP_GrSample-0074,,Infratec,91915904,21.37,0.739,20.644,22.761,0,0,,11.1,1.437,10.506,15.18,0,0,,,,,,,,,,,,,,,,,,,,,,,,,
10/27/2023 13:40,Field Peas II,60073677 PE,Normal,CW619_GP_2023_WP_Gr,,Infratec,91915904,21.05,0.578,20.352,22.277,0,0,,10.6,0.101,10.453,10.731,0,0,,,,,,,,,,,,,,,,,,,,,,,,,
10/27/2023 13:42,Field Peas II,60073677 PE,Normal,CW602_GP_2023_WP_Gr,,Infratec,91915904,22.07,0.877,20.566,23.43,0,0,,10.13,0.063,10.016,10.227,0,0,,,,,,,,,,,,,,,,,,,,,,,,,
10/27/2023 13:50,Field Peas II,60073677 PE,Normal,CW603_GP_2023_WP_Gr,,Infratec,91915904,20.92,0.411,20.456,21.623,0,0,,10.48,0.124,10.33,10.709,0,0,,,,,,,,,,,,,,,,,,,,,,,,,
10/27/2023 13:53,Field Peas II,60073677 PE,Normal,CW600_GP_2023_WP_Gr,,Infratec,91915904,22.58,0.773,21.175,23.739,0,0,,10.87,0.063,10.791,11.014,0,0,,,,,,,,,,,,,,,,,,,,,,,,,
10/27/2023 13:56,Field Peas II,60073677 PE,Normal,CW605_GP_2023_WP_GrSample-0079,,Infratec,91915904,22.65,1.063,20.806,24.485,0,0,,10.68,0.125,10.522,10.877,0,0,,,,,,,,,,,,,,,,,,,,,,,,,
10/27/2023 13:59,Field Peas II,60073677 PE,Normal,CW606_GP_2023_WP_Gr,,Infratec,91915904,20.5,0.494,20.286,21.722,0,0,,10.99,0.09,10.898,11.133,0,0,,,,,,,,,,,,,,,,,,,,,,,,,
10/27/2023 14:03,Field Peas II,60073677 PE,Normal,CW618_GP_2023_WP_Gr,,Infratec,91915904,22.31,1.096,20.672,23.873,0,0,,10.71,0.146,10.364,10.895,0,0,,,,,,,,,,,,,,,,,,,,,,,,,
10/27/2023 14:06,Field Peas II,60073677 PE,Normal,CW604_GP_2023_WP_Gr,,Infratec,91915904,21.86,1.868,20.367,26.068,0,0,,10.65,0.121,10.42,10.85,0,0,,,,,,,,,,,,,,,,,,,,,,,,,
10/27/2023 14:09,Field Peas II,60073677 PE,Normal,CW601_GP_2023_WP_Gr,,Infratec,91915904,23.18,1.34,20.845,25.216,0,0,,10.6,0.146,10.365,10.913,0,0,,,,,,,,,,,,,,,,,,,,,,,,,
10/27/2023 14:12,Field Peas II,60073677 PE,Normal,CW612_GP_2023_WP_Gr,,Infratec,91915904,23.12,1.547,21.018,25.462,0,0,,10.41,0.127,10.249,10.628,0,0,,,,,,,,,,,,,,,,,,,,,,,,,
10/27/2023 14:15,Field Peas II,60073677 PE,Normal,CW607_GP_2023_WP_Gr,,Infratec,91915904,21.37,0.898,20.381,22.336,0,0,,10.44,0.191,10.183,10.701,0,0,,,,,,,,,,,,,,,,,,,,,,,,,
10/27/2023 14:18,Field Peas II,60073677 PE,Normal,CW614_GP_2023_WP_Gr,,Infratec,91915904,24.02,0.97,22.61,25.521,0,0,,10.69,0.149,10.428,10.93,0,0,,,,,,,,,,,,,,,,,,,,,,,,,
10/27/2023 14:22,Field Peas II,60073677 PE,Normal,CW610_GP_2023_WP_Gr,,Infratec,91915904,23.35,0.802,22.068,24.432,0,0,,10.57,0.09,10.455,10.696,0,0,,,,,,,,,,,,,,,,,,,,,,,,,
10/27/2023 14:26,Field Peas II,60073677 PE,Normal,CW609_GP_2023_WP_Gr,,Infratec,91915904,22.93,0.401,22.417,23.602,0,0,,10.6,0.107,10.462,10.738,0,0,,,,,,,,,,,,,,,,,,,,,,,,,
10/27/2023 14:29,Field Peas II,60073677 PE,Normal,CW617_GP_2023_WP_Gr,,Infratec,91915904,23.27,1.146,22.221,25.289,0,0,,11,0.081,10.904,11.179,0,0,,,,,,,,,,,,,,,,,,,,,,,,,
10/27/2023 14:32,Field Peas II,60073677 PE,Normal,CW615_GP_2023_WP_Gr,,Infratec,91915904,24.25,1.432,22.344,25.935,0,0,,10.98,0.105,10.822,11.128,0,0,,,,,,,,,,,,,,,,,,,,,,,,,
10/27/2023 14:36,Field Peas II,60073677 PE,Normal,CW558_GP_2023_WP_Gr,,Infratec,91915904,22.5,1.329,20.59,25.233,0,0,,11,0.097,10.833,11.134,0,0,,,,,,,,,,,,,,,,,,,,,,,,,
10/27/2023 14:39,Field Peas II,60073677 PE,Normal,CW549_GP_2023_WP_Gr,,Infratec,91915904,21.82,2.394,20.227,25.976,0,0,,11.45,0.82,11.004,13.462,0,0,,,,,,,,,,,,,,,,,,,,,,,,,
10/27/2023 14:42,Field Peas II,60073677 PE,Normal,CW547_GP_2023_WP_Gr,,Infratec,91915904,22,0.993,20.616,23.599,0,0,,10.78,0.156,10.534,11.007,0,0,,,,,,,,,,,,,,,,,,,,,,,,,
10/27/2023 14:45,Field Peas II,60073677 PE,Normal,CW552_GP_2023_WP_Gr,,Infratec,91915904,22.88,1.114,21.516,24.38,0,0,,10.31,0.103,10.191,10.51,0,0,,,,,,,,,,,,,,,,,,,,,,,,,
10/27/2023 14:47,Field Peas II,60073677 PE,Normal,CW556_GP_2023_WP_Gr,,Infratec,91915904,22.01,1.02,20.38,23.6,0,0,,10.96,0.168,10.58,11.118,0,0,,,,,,,,,,,,,,,,,,,,,,,,,
10/27/2023 14:54,Field Peas II,60073677 PE,Normal,CW542_GP_2023_WP_Gr,,Infratec,91915904,23.03,1.417,20.647,24.568,0,0,,11.14,0.089,11.023,11.272,0,0,,,,,,,,,,,,,,,,,,,,,,,,,
10/27/2023 14:58,Field Peas II,60073677 PE,Normal,CW544_GP_2023_WP_Gr,,Infratec,91915904,21.51,1.043,20.383,23.165,0,1,,10.61,0.186,10.344,10.807,0,0,,,,,,,,,,,,,,,,,,,,,,,,,
10/27/2023 15:02,Field Peas II,60073677 PE,Normal,,,Infratec,91915904,,,,,,,,,,,,,,,,,,,,,,,,,,,,,,,,,,,,,,
10/27/2023 15:03,Field Peas II,60073677 PE,Normal,CW541_GP_2023_WP_Gr,,Infratec,91915904,,,,,,,,,,,,,,,,,,,,,,,,,,,,,,,,,,,,,,
10/27/2023 15:09,Field Peas II,60073677 PE,Normal,CW551_GP_2023_WP_Gr,,Infratec,91915904,21.88,1.381,20.459,24.137,0,0,,10.62,0.092,10.494,10.728,0,0,,,,,,,,,,,,,,,,,,,,,,,,,
10/27/2023 15:12,Field Peas II,60073677 PE,Normal,CW546_GP_2023_WP_Gr,,Infratec,91915904,24.48,1.378,22.426,26.001,0,0,,11.6,0.964,11.046,14.146,0,0,,,,,,,,,,,,,,,,,,,,,,,,,
10/27/2023 15:15,Field Peas II,60073677 PE,Normal,CW554_GP_2023_WP_Gr,,Infratec,91915904,20.45,0.233,20.295,21.05,0,0,,10.21,0.096,9.984,10.306,0,0,,,,,,,,,,,,,,,,,,,,,,,,,
10/27/2023 15:18,Field Peas II,60073677 PE,Normal,CW545_GP_2023_WP_Gr,,Infratec,91915904,22.18,0.73,20.789,23.735,0,0,,11.01,0.107,10.849,11.199,0,0,,,,,,,,,,,,,,,,,,,,,,,,,
10/27/2023 15:21,Field Peas II,60073677 PE,Normal,CW557_GP_2023_WP_Gr,,Infratec,91915904,24.33,1.069,22.9,25.95,0,0,,10.89,0.139,10.631,11.096,0,0,,,,,,,,,,,,,,,,,,,,,,,,,
10/27/2023 15:24,Field Peas II,60073677 PE,Normal,CW553_GP_2023_WP_Gr,,Infratec,91915904,22.74,1.519,21,25.304,0,0,,10.37,0.127,10.114,10.58,0,0,,,,,,,,,,,,,,,,,,,,,,,,,
10/27/2023 15:26,Field Peas II,60073677 PE,Normal,CW543_GP_2023_WP_Gr,,Infratec,91915904,20.61,0.443,20.293,21.777,0,0,,10.52,0.078,10.398,10.614,0,0,,,,,,,,,,,,,,,,,,,,,,,,,
10/27/2023 15:29,Field Peas II,60073677 PE,Normal,CW559_GP_2023_WP_Gr,,Infratec,91915904,21.12,0.923,19.992,22.582,0,0,,11.27,0.131,11.128,11.485,0,0,,,,,,,,,,,,,,,,,,,,,,,,,
10/27/2023 15:32,Field Peas II,60073677 PE,Normal,CW540_GP_2023_WP_Gr,,Infratec,91915904,20.8,1.187,20.284,23.221,0,0,,11.19,0.091,11.076,11.349,0,0,,,,,,,,,,,,,,,,,,,,,,,,,
10/27/2023 15:36,Field Peas II,60073677 PE,Normal,CW548_GP_2023_WP_Gr,,Infratec,91915904,20.97,0.742,20.246,22.248,0,0,,10.69,0.098,10.535,10.814,0,0,,,,,,,,,,,,,,,,,,,,,,,,,
10/27/2023 15:40,Field Peas II,60073677 PE,Normal,CW555_GP_2023_WP_Gr,,Infratec,91915904,20.97,0.702,20.317,22.18,0,0,,10.39,0.142,10.152,10.601,0,0,,,,,,,,,,,,,,,,,,,,,,,,,
10/27/2023 15:42,Field Peas II,60073677 PE,Normal,CW565_GP_2023_WP_Gr,,Infratec,91915904,22.72,0.753,21.913,23.86,0,0,,11.15,0.053,11.063,11.216,0,0,,,,,,,,,,,,,,,,,,,,,,,,,
10/27/2023 15:44,Field Peas II,60073677 PE,Normal,CW562_GP_2023_WP_Gr,,Infratec,91915904,24.5,1.153,22.425,25.984,0,0,,10.8,0.117,10.543,10.948,0,0,,,,,,,,,,,,,,,,,,,,,,,,,
10/27/2023 15:47,Field Peas II,60073677 PE,Normal,CW564_GP_2023_WP_Gr,,Infratec,91915904,21.98,1.4,20.66,24.987,0,0,,11.03,0.145,10.878,11.302,0,0,,,,,,,,,,,,,,,,,,,,,,,,,
10/27/2023 15:49,Field Peas II,60073677 PE,Normal,CW573_GP_2023_WP_Gr,,Infratec,91915904,24.68,0.819,22.993,25.957,0,0,,10.52,0.111,10.354,10.648,0,0,,,,,,,,,,,,,,,,,,,,,,,,,
10/27/2023 15:52,Field Peas II,60073677 PE,Normal,CW568_GP_2023_WP_Gr,,Infratec,91915904,21.75,1.322,20.329,24.288,0,0,,10.96,0.147,10.664,11.172,0,0,,,,,,,,,,,,,,,,,,,,,,,,,
10/27/2023 15:54,Field Peas II,60073677 PE,Normal,CW575_GP_2023_WP_Gr,,Infratec,91915904,21.55,1.079,20.399,23.203,0,0,,10.9,0.13,10.586,11.028,0,0,,,,,,,,,,,,,,,,,,,,,,,,,
10/27/2023 15:57,Field Peas II,60073677 PE,Normal,CW576_GP_2023_WP_Gr,,Infratec,91915904,22.72,1.166,21.308,25.024,0,0,,11.08,0.141,10.848,11.28,0,0,,,,,,,,,,,,,,,,,,,,,,,,,
10/27/2023 15:59,Field Peas II,60073677 PE,Normal,CW571_GP_2023_WP_Gr,,Infratec,91915904,21.23,1.425,19.982,23.951,0,0,,10.24,0.074,10.143,10.341,0,0,,,,,,,,,,,,,,,,,,,,,,,,,
10/27/2023 16:02,Field Peas II,60073677 PE,Normal,CW567_GP_2023_WP_Gr,,Infratec,91915904,20.34,0.068,20.289,20.51,0,0,,10.29,0.142,9.998,10.465,0,0,,,,,,,,,,,,,,,,,,,,,,,,,
10/27/2023 16:05,Field Peas II,60073677 PE,Normal,CW563_GP_2023_WP_Gr,,Infratec,91915904,23.91,1.208,22.403,25.802,0,0,,11.18,0.077,11.085,11.283,0,0,,,,,,,,,,,,,,,,,,,,,,,,,
10/27/2023 16:07,Field Peas II,60073677 PE,Normal,CW572_GP_2023_WP_Gr,,Infratec,91915904,21.36,1.37,20.324,24.668,0,0,,10.2,0.223,9.908,10.493,0,0,,,,,,,,,,,,,,,,,,,,,,,,,
10/27/2023 16:09,Field Peas II,60073677 PE,Normal,CW577_GP_2023_WP_Gr,,Infratec,91915904,22.01,1.052,20.506,23.934,0,0,,10.73,0.126,10.586,10.983,0,0,,,,,,,,,,,,,,,,,,,,,,,,,
10/27/2023 16:11,Field Peas II,60073677 PE,Normal,CW566_GP_2023_WP_Gr,,Infratec,91915904,23.65,1.172,21.829,25.199,0,1,,11.11,0.189,10.915,11.387,0,0,,,,,,,,,,,,,,,,,,,,,,,,,
10/27/2023 16:14,Field Peas II,60073677 PE,Normal,CW578_GP_2023_WP_Gr,,Infratec,91915904,21.43,1.029,20.426,23.838,0,0,,10.62,0.108,10.494,10.761,0,0,,,,,,,,,,,,,,,,,,,,,,,,,
10/27/2023 16:17,Field Peas II,60073677 PE,Normal,CW560_GP_2023_WP_Gr,,Infratec,91915904,22.64,0.917,21.105,24.334,0,0,,11.09,0.064,10.965,11.179,0,0,,,,,,,,,,,,,,,,,,,,,,,,,
10/27/2023 16:19,Field Peas II,60073677 PE,Normal,CW574_GP_2023_WP_Grample-0126,,Infratec,91915904,23,1.102,21.164,24.214,0,0,,10.72,0.131,10.542,10.932,0,0,,,,,,,,,,,,,,,,,,,,,,,,,
10/27/2023 16:22,Field Peas II,60073677 PE,Normal,CW561_GP_2023_WP_Gr,,Infratec,91915904,21.13,0.927,20.476,22.983,0,0,,11.22,0.071,11.102,11.319,0,0,,,,,,,,,,,,,,,,,,,,,,,,,
10/27/2023 16:24,Field Peas II,60073677 PE,Normal,CW579_GP_2023_WP_Gr,,Infratec,91915904,23.1,1.055,22.234,25.198,0,0,,10.91,0.1,10.785,11.036,0,0,,,,,,,,,,,,,,,,,,,,,,,,,
10/30/2023 10:16,Field Peas II,60073677 PE,Normal,CW583_GP_2023_WP_Gr,,Infratec,91915904,20.6,0.597,20.29,22.046,0,0,,10.33,0.082,10.181,10.46,0,0,,,,,,,,,,,,,,,,,,,,,,,,,
10/30/2023 10:19,Field Peas II,60073677 PE,Normal,CW591_GP_2023_WP_Gr,,Infratec,91915904,21.51,0.903,20.356,23.557,0,0,,10.82,0.092,10.676,10.954,0,0,,,,,,,,,,,,,,,,,,,,,,,,,
10/30/2023 10:21,Field Peas II,60073677 PE,Normal,CW585_GP_2023_WP_Gr,,Infratec,91915904,22.43,0.656,21.51,23.783,0,0,,10.36,0.055,10.289,10.475,0,0,,,,,,,,,,,,,,,,,,,,,,,,,
10/30/2023 10:24,Field Peas II,60073677 PE,Normal,CW595_GP_2023_WP_Gr,,Infratec,91915904,22.87,0.988,21.32,24.71,0,0,,11.02,0.133,10.775,11.222,0,0,,,,,,,,,,,,,,,,,,,,,,,,,
10/30/2023 10:26,Field Peas II,60073677 PE,Normal,CW580_GP_2023_WP_Gr,,Infratec,91915904,21.04,0.661,20.338,22.514,0,0,,10.93,0.08,10.779,11.033,0,0,,,,,,,,,,,,,,,,,,,,,,,,,
10/30/2023 10:28,Field Peas II,60073677 PE,Normal,CW586_GP_2023_WP_Gr,,Infratec,91915904,22.68,0.956,21.243,24.467,0,0,,10.6,0.127,10.383,10.791,0,0,,,,,,,,,,,,,,,,,,,,,,,,,
10/30/2023 10:30,Field Peas II,60073677 PE,Normal,CW587_GP_2023_WP_Gr,,Infratec,91915904,22.44,1.45,20.448,24.704,0,0,,10.71,0.441,10.361,11.937,0,0,,,,,,,,,,,,,,,,,,,,,,,,,
10/30/2023 10:32,Field Peas II,60073677 PE,Normal,CW597_GP_2023_WP_Gr,,Infratec,91915904,21.4,1.067,20.449,23.833,0,0,,10.63,0.164,10.395,10.841,0,0,,,,,,,,,,,,,,,,,,,,,,,,,
10/30/2023 10:35,Field Peas II,60073677 PE,Normal,CW596_GP_2023_WP_Gr,,Infratec,91915904,21.31,0.977,20.34,23.367,0,0,,10.92,0.09,10.773,11.019,0,0,,,,,,,,,,,,,,,,,,,,,,,,,
10/30/2023 10:36,Instrument Calibration Product,STD,Standardization,,,Infratec,91915904,,,,,,,,,,,,,,,,,,,,,,,,,,,,,,,,,,,,,,Wavelength calibration
10/30/2023 10:38,Field Peas II,60073677 PE,Normal,CW590_GP_2023_WP_Gr,,Infratec,91915904,21.93,1.127,20.644,24.247,0,0,,10.25,0.17,9.979,10.504,0,0,,,,,,,,,,,,,,,,,,,,,,,,,
10/30/2023 10:41,Field Peas II,60073677 PE,Normal,CW599_GP_2023_WP_Gr,,Infratec,91915904,23.6,1.71,21.185,25.488,0,0,,10.28,0.143,10.028,10.575,0,0,,,,,,,,,,,,,,,,,,,,,,,,,
10/30/2023 10:43,Field Peas II,60073677 PE,Normal,CW594_GP_2023_WP_Gr,,Infratec,91915904,21.95,1.295,20.49,25.165,0,0,,10.75,0.111,10.616,10.977,0,0,,,,,,,,,,,,,,,,,,,,,,,,,
10/30/2023 10:46,Field Peas II,60073677 PE,Normal,CW598_GP_2023_WP_Gr,,Infratec,91915904,21.45,0.839,20.302,22.91,0,0,,10.41,0.184,10.067,10.646,0,0,,,,,,,,,,,,,,,,,,,,,,,,,
10/30/2023 10:49,Field Peas II,60073677 PE,Normal,CW588_GP_2023_WP_Gr,,Infratec,91915904,20.42,0.909,18.765,22.123,0,0,,10.7,0.161,10.381,10.872,0,0,,,,,,,,,,,,,,,,,,,,,,,,,
10/30/2023 10:51,Field Peas II,60073677 PE,Normal,CW593_GP_2023_WP_Gr,,Infratec,91915904,22.21,1.427,20.358,25.431,0,0,,10.66,0.329,10.184,11.466,0,0,,,,,,,,,,,,,,,,,,,,,,,,,
10/30/2023 10:54,Field Peas II,60073677 PE,Normal,CW582_GP_2023_WP_Gr,,Infratec,91915904,20.95,0.732,20.29,22.266,0,0,,10.49,0.131,10.243,10.64,0,0,,,,,,,,,,,,,,,,,,,,,,,,,
10/30/2023 10:57,Field Peas II,60073677 PE,Normal,CW589_GP_2023_WP_Gr,,Infratec,91915904,20.09,0.508,18.746,20.333,0,0,,10.62,0.145,10.333,10.827,0,0,,,,,,,,,,,,,,,,,,,,,,,,,
10/30/2023 10:59,Field Peas II,60073677 PE,Normal,CW581_GP_2023_WP_Gr,,Infratec,91915904,20.7,0.528,20.279,21.562,0,0,,10.25,0.094,10.143,10.37,0,0,,,,,,,,,,,,,,,,,,,,,,,,,
10/30/2023 11:02,Field Peas II,60073677 PE,Normal,CW584_GP_2023_WP_Gr,,Infratec,91915904,22.85,1.219,21.804,25.303,0,0,,10.83,0.757,10.439,12.957,0,0,,,,,,,,,,,,,,,,,,,,,,,,,
10/30/2023 11:04,Field Peas II,60073677 PE,Normal,CW592_GP_2023_WP_Gr,,Infratec,91915904,22.64,0.516,22.164,23.904,0,0,,10.63,0.147,10.393,10.806,0,0,,,,,,,,,,,,,,,,,,,,,,,,,
10/30/2023 11:06,Field Peas II,60073677 PE,Normal,CW537_GP_2023_WP_Gr,,Infratec,91915904,20.84,0.621,20.129,21.815,0,0,,10.78,0.077,10.626,10.901,0,0,,,,,,,,,,,,,,,,,,,,,,,,,
10/30/2023 11:08,Field Peas II,60073677 PE,Normal,CW532_GP_2023_WP_Gr,,Infratec,91915904,20.72,0.35,20.322,21.351,0,1,,10.7,0.101,10.485,10.803,0,0,,,,,,,,,,,,,,,,,,,,,,,,,
10/30/2023 11:10,Field Peas II,60073677 PE,Normal,CW527_GP_2023_WP_Gr,,Infratec,91915904,21.36,0.738,20.142,22.278,0,0,,10.38,0.113,10.162,10.558,0,0,,,,,,,,,,,,,,,,,,,,,,,,,
10/30/2023 11:14,Field Peas II,60073677 PE,Normal,CW524_GP_2023_WP_Gr,,Infratec,91915904,22.29,1.24,20.863,24.543,0,0,,10.36,0.106,10.237,10.563,0,0,,,,,,,,,,,,,,,,,,,,,,,,,
10/30/2023 11:24,Field Peas II,60073677 PE,Normal,CW523_GP_2023_WP_Gr,,Infratec,91915904,21.51,0.542,20.842,22.28,0,0,,10.66,0.09,10.553,10.817,0,0,,,,,,,,,,,,,,,,,,,,,,,,,
10/30/2023 11:26,Field Peas II,60073677 PE,Normal,CW539_GP_2023_WP_Gr,,Infratec,91915904,21.55,1.356,20.411,25.083,0,0,,10.62,0.232,10.138,10.94,0,0,,,,,,,,,,,,,,,,,,,,,,,,,
10/30/2023 11:28,Field Peas II,60073677 PE,Normal,CW526_GP_2023_WP_Gr,,Infratec,91915904,23.3,1.018,22.335,25.712,0,0,,10.63,0.086,10.529,10.785,0,0,,,,,,,,,,,,,,,,,,,,,,,,,
10/30/2023 11:31,Field Peas II,60073677 PE,Normal,CW521_GP_2023_WP_Gr,,Infratec,91915904,21.31,0.744,20.319,22.312,0,0,,10.18,0.162,9.956,10.407,0,0,,,,,,,,,,,,,,,,,,,,,,,,,
10/30/2023 11:37,Field Peas II,60073677 PE,Normal,CW525_GP_2023_WP_Gr,,Infratec,91915904,21.04,0.791,20.211,22.223,0,0,,10.71,0.1,10.566,10.872,0,0,,,,,,,,,,,,,,,,,,,,,,,,,
10/30/2023 12:04,Field Peas II,60073677 PE,Normal,CW529_GP_2023_WP_Gr,,Infratec,91915904,21.06,0.586,20.41,22.155,0,0,,10.45,0.071,10.301,10.513,0,0,,,,,,,,,,,,,,,,,,,,,,,,,
10/30/2023 12:06,Field Peas II,60073677 PE,Normal,CW533_GP_2023_WP_Gr,,Infratec,91915904,21.14,1.499,20.276,25.202,0,0,,10.45,0.679,10.14,12.373,0,0,,,,,,,,,,,,,,,,,,,,,,,,,
10/30/2023 12:08,Field Peas II,60073677 PE,Normal,CW528_GP_2023_WP_Gr,,Infratec,91915904,21.44,0.857,20.322,22.27,0,0,,10.22,0.074,10.086,10.33,0,0,,,,,,,,,,,,,,,,,,,,,,,,,
10/30/2023 12:11,Field Peas II,60073677 PE,Normal,CW530_GP_2023_WP_Gr,,Infratec,91915904,22.84,1.048,21.372,24.189,0,0,,10.68,0.139,10.454,10.877,0,0,,,,,,,,,,,,,,,,,,,,,,,,,
10/30/2023 12:13,Field Peas II,60073677 PE,Normal,CW531_GP_2023_WP_Gr,,Infratec,91915904,21.44,0.738,20.48,22.312,0,0,,10.43,0.181,10.204,10.714,0,0,,,,,,,,,,,,,,,,,,,,,,,,,
10/30/2023 12:16,Field Peas II,60073677 PE,Normal,CW538_GP_2023_WP_Gr,,Infratec,91915904,22.06,0.63,20.899,23.33,0,0,,10.75,0.121,10.566,10.901,0,0,,,,,,,,,,,,,,,,,,,,,,,,,
11/2/2023 9:55,Field Peas II,60073677 PE,Normal,CW516_GP_2023_WP_Gr,,Infratec,91915904,22.66,0.921,21.756,24.604,0,0,,10.28,0.062,10.209,10.403,0,0,,,,,,,,,,,,,,,,,,,,,,,,,
11/2/2023 9:58,Field Peas II,60073677 PE,Normal,CW515_GP_2023_WP_Gr,,Infratec,91915904,22.16,1.02,20.73,24.134,0,0,,10.39,0.13,10.225,10.613,0,0,,,,,,,,,,,,,,,,,,,,,,,,,
11/2/2023 10:02,Field Peas II,60073677 PE,Normal,CW514_GP_2023_WP_Gr,,Infratec,91915904,21.19,0.991,20.082,23.39,0,0,,10.7,0.098,10.559,10.842,0,0,,,,,,,,,,,,,,,,,,,,,,,,,
11/2/2023 10:05,Field Peas II,60073677 PE,Normal,CW504_GP_2023_WP_Gr,,Infratec,91915904,21.8,2.142,19.062,25.066,0,0,,10.2,0.326,9.8,10.963,0,0,,,,,,,,,,,,,,,,,,,,,,,,,
11/2/2023 10:08,Field Peas II,60073677 PE,Normal,CW507_GP_2023_WP_Gr,,Infratec,91915904,20.44,0.906,19.277,22.024,0,0,,11.04,0.061,10.917,11.12,0,0,,,,,,,,,,,,,,,,,,,,,,,,,
11/2/2023 10:12,Field Peas II,60073677 PE,Normal,CW508_GP_2023_WP_Gr,,Infratec,91915904,20.17,0.906,19.097,21.863,0,0,,11.01,0.072,10.942,11.133,0,0,,,,,,,,,,,,,,,,,,,,,,,,,
11/2/2023 10:14,Field Peas II,60073677 PE,Normal,CW506_GP_2023_WP_Gr,,Infratec,91915904,20.89,1.506,19.551,24.813,0,0,,10.41,0.11,10.233,10.554,0,0,,,,,,,,,,,,,,,,,,,,,,,,,
11/2/2023 10:16,Field Peas II,60073677 PE,Normal,CW512_GP_2023_WP_Gr,,Infratec,91915904,21.57,1.616,19.237,25.2,0,0,,10.71,0.093,10.466,10.792,0,0,,,,,,,,,,,,,,,,,,,,,,,,,
11/2/2023 10:19,Field Peas II,60073677 PE,Normal,CW517_GP_2023_WP_Gr,,Infratec,91915904,22.55,1.785,19.245,25.667,0,0,,10.51,0.655,10.077,12.348,0,0,,,,,,,,,,,,,,,,,,,,,,,,,
11/2/2023 10:21,Field Peas II,60073677 PE,Normal,CW509_GP_2023_WP_Gr,,Infratec,91915904,21.51,0.855,20.248,22.623,0,0,,10.66,0.121,10.459,10.856,0,0,,,,,,,,,,,,,,,,,,,,,,,,,
11/2/2023 10:23,Field Peas II,60073677 PE,Normal,CW510_GP_2023_WP_Gr,,Infratec,91915904,20.61,0.572,20.229,21.993,0,0,,10.5,0.099,10.304,10.614,0,0,,,,,,,,,,,,,,,,,,,,,,,,,
11/2/2023 10:25,Field Peas II,60073677 PE,Normal,CW520_GP_2023_WP_Gr,,Infratec,91915904,20.03,0.495,18.797,20.365,0,0,,10.53,0.109,10.378,10.751,0,0,,,,,,,,,,,,,,,,,,,,,,,,,
11/2/2023 10:27,Field Peas II,60073677 PE,Normal,CW511_GP_2023_WP_Gr,,Infratec,91915904,20.15,0.499,19.264,20.786,0,0,,10.6,0.086,10.499,10.703,0,0,,,,,,,,,,,,,,,,,,,,,,,,,
11/2/2023 10:30,Field Peas II,60073677 PE,Normal,CW505_GP_2023_WP_Gr,,Infratec,91915904,20.88,0.809,20.025,22.276,0,0,,10.24,0.127,9.976,10.439,0,0,,,,,,,,,,,,,,,,,,,,,,,,,
11/2/2023 10:32,Field Peas II,60073677 PE,Normal,CW513_GP_2023_WP_Gr,,Infratec,91915904,20.85,0.955,19.846,22.292,0,0,,10.28,0.133,10.083,10.441,0,0,,,,,,,,,,,,,,,,,,,,,,,,,
11/2/2023 10:35,Field Peas II,60073677 PE,Normal,CW518_GP_2023_WP_Gr,,Infratec,91915904,20.22,0.729,19.036,21.492,0,0,,10.3,0.161,9.981,10.481,0,0,,,,,,,,,,,,,,,,,,,,,,,,,
11/2/2023 10:38,Field Peas II,60073677 PE,Normal,CW500_GP_2023_WP_Gr,,Infratec,91915904,20.87,1.12,19.547,23.176,0,0,,10.36,0.088,10.214,10.502,0,0,,,,,,,,,,,,,,,,,,,,,,,,,
11/2/2023 10:40,Field Peas II,60073677 PE,Normal,CW501_GP_2023_WP_Gr,,Infratec,91915904,21.51,1.019,20.162,23,0,0,,10.42,0.125,10.148,10.608,0,0,,,,,,,,,,,,,,,,,,,,,,,,,
11/2/2023 10:43,Field Peas II,60073677 PE,Normal,CW519_GP_2023_WP_Gr,,Infratec,91915904,20.41,0.289,20.174,21.099,0,0,,10.26,0.112,10.032,10.421,0,0,,,,,,,,,,,,,,,,,,,,,,,,,
11/2/2023 10:45,Beans and Pulses,60073716 FB,Normal,,,Infratec,91915904,,,,,,,,,,,,,,,,,,,,,,,,,,,,,,,,,,,,,,
11/2/2023 10:48,Beans and Pulses,60073716 FB,Normal,7A_3_Lime_O_2023_GB_Gr,,Infratec,91915904,18.57,1.142,16.631,19.958,0,0,,10.04,0.415,9.018,10.57,0,0,,,,,,,,,,,,,,,,,,,,,,,,,
11/2/2023 10:50,Beans and Pulses,60073716 FB,Normal,7A_1_Lime_O_2023_GB_Gr,,Infratec,91915904,18.65,0.915,17.501,20.675,0,0,,10.85,0.316,10.287,11.391,0,0,,,,,,,,,,,,,,,,,,,,,,,,,
11/2/2023 10:52,Beans and Pulses,60073716 FB,Normal,7A_2_Lime_N_2023_GB_Gr,,Infratec,91915904,21.52,0.511,20.765,22.784,0,0,,10.6,0.296,9.941,10.98,0,0,,,,,,,,,,,,,,,,,,,,,,,,,
11/2/2023 10:53,Beans and Pulses,60073716 FB,Normal,7A_4_Lime_N_2023_GB_Gr,,Infratec,91915904,20.32,0.61,19.085,26.456,0,0,,11.03,0.485,6.9,11.923,0,0,,,,,,,,,,,,,,,,,,,,,,,,,
11/2/2023 10:55,Beans and Pulses,60073716 FB,Normal,7A_1_Lime_N_2023_GB_Gr,,Infratec,91915904,21.18,0.716,20.396,22.875,0,0,,10.43,0.303,9.8,10.831,0,0,,,,,,,,,,,,,,,,,,,,,,,,,
11/2/2023 10:57,Beans and Pulses,60073716 FB,Normal,5A_3_Lime_N_2023_GB_Gr,,Infratec,91915904,18.02,0.661,16.744,18.875,0,0,,10.3,0.335,9.847,11.016,0,0,,,,,,,,,,,,,,,,,,,,,,,,,
11/2/2023 10:59,Beans and Pulses,60073716 FB,Normal,7A_2_Lime_O_2023_GB_Gr,,Infratec,91915904,19.24,1.041,17.21,20.512,0,0,,10.74,0.443,9.949,11.4,0,0,,,,,,,,,,,,,,,,,,,,,,,,,
11/2/2023 11:00,Beans and Pulses,60073716 FB,Normal,5A_4_Lime_N_2023_GB_Gr,,Infratec,91915904,18.76,0.836,18.005,20.744,0,0,,10.37,0.49,9.401,11.242,0,0,,,,,,,,,,,,,,,,,,,,,,,,,
11/2/2023 11:02,Beans and Pulses,60073716 FB,Normal,5A_2_Lime_N_2023_GB_Gr,,Infratec,91915904,19.91,0.749,18.812,21.61,0,0,,10.73,0.996,7.922,11.19,0,0,,,,,,,,,,,,,,,,,,,,,,,,,
11/2/2023 11:03,Beans and Pulses,60073716 FB,Normal,7A_4_Lime_O_2023_GB_Gr,,Infratec,91915904,19.76,0.491,19.194,20.784,0,0,,10.9,0.153,10.688,11.192,0,0,,,,,,,,,,,,,,,,,,,,,,,,,
11/2/2023 11:06,Beans and Pulses,60073716 FB,Normal,7A_3_Lime_N_2023_GB_Gr,,Infratec,91915904,,,,,,,,,,,,,,,,,,,,,,,,,,,,,,,,,,,,,,
11/2/2023 11:08,Beans and Pulses,60073716 FB,Normal,7A_3_Lime_N_2023_GB_Gr,,Infratec,91915904,19.17,0.911,17.609,20.297,0,0,,10.41,0.275,9.877,10.872,0,0,,,,,,,,,,,,,,,,,,,,,,,,,
11/2/2023 11:10,Beans and Pulses,60073716 FB,Normal,5A_1_Lime_N_2023_GB_Gr,,Infratec,91915904,19.31,0.438,18.757,20.126,0,0,,10.6,0.16,10.298,10.83,0,0,,,,,,,,,,,,,,,,,,,,,,,,,
11/2/2023 11:13,Barley II,60073672 BA,Normal,1B_4_Lime_N_2023_SB_Gr,,Infratec,91915904,10.71,0.435,10.227,11.828,0,0,,11.28,0.124,11.114,11.555,0,0,,62.13,0.76,60.414,63.076,0,0,,,,,,,,,,,,,,,,50.78,,
11/2/2023 11:40,Barley II,60073672 BA,Normal,1B_2_Lime_O_2023_SB_Gr,,Infratec,91915904,11.45,0.187,11.198,11.755,0,0,,11.5,0.058,11.418,11.596,0,0,,61.23,0.382,60.725,61.886,0,0,,,,,,,,,,,,,,,,46.43,,
11/2/2023 11:44,Barley II,60073672 BA,Normal,1B_2_Lime_N_2023_SB_Gr,,Infratec,91915904,10.71,0.856,8.308,11.148,0,0,,11.41,0.091,11.235,11.521,0,0,,61.66,0.599,60.117,62.24,0,0,,,,,,,,,,,,,,,,47.91,,
11/2/2023 11:47,Barley II,60073672 BA,Normal,1B_1_Lime_O_2023_SB_Gr,,Infratec,91915904,12.26,0.229,11.893,12.594,0,0,,10.9,0.049,10.829,10.968,0,0,,62.01,0.646,60.733,62.819,0,0,,,,,,,,,,,,,,,,50.45,,
11/2/2023 11:49,Barley II,60073672 BA,Normal,1B_1_Lime_N_2023_SB_Gr,,Infratec,91915904,12.06,0.282,11.748,12.669,0,0,,11.13,0.033,11.084,11.196,0,0,,61.11,0.871,58.757,61.906,0,0,,,,,,,,,,,,,,,,48.03,,
11/2/2023 11:53,Barley II,60073672 BA,Normal,1B_3_Lime_N_2023_SB_Gr,,Infratec,91915904,10.98,0.114,10.833,11.171,0,0,,11.06,0.02,11.027,11.099,0,0,,62.28,0.61,61.133,63.132,0,0,,,,,,,,,,,,,,,,48.15,,
11/2/2023 11:55,Barley II,60073672 BA,Normal,1B_4_Lime_O_2023_SB_Gr,,Infratec,91915904,11.54,0.345,11.089,11.911,0,0,,10.88,0.127,10.698,11.121,0,0,,60.73,0.712,59.728,61.804,0,0,,,,,,,,,,,,,,,,45.96,,
11/2/2023 12:00,Barley II,60073672 BA,Normal,1B_3_Lime_O_2023_SB_Gr,,Infratec,91915904,12.38,0.29,11.926,12.878,0,0,,10.99,0.099,10.863,11.212,0,0,,60.65,0.453,59.801,61.21,0,0,,,,,,,,,,,,,,,,48.96,,
11/2/2023 12:02,Barley II,60073672 BA,Normal,5B_1_Lime_N_2023_SB_Gr,,Infratec,91915904,9.87,0.336,9.485,10.6,0,0,,11.4,0.061,11.304,11.494,0,0,,63.79,0.499,63.138,64.599,0,0,,,,,,,,,,,,,,,,53.63,,
11/2/2023 12:05,Barley II,60073672 BA,Normal,5B_4_Lime_N_2023_SB_Gr,,Infratec,91915904,8.76,0.351,7.819,9.126,0,0,,11.44,0.067,11.352,11.588,0,0,,64.39,0.438,63.476,64.914,0,0,,,,,,,,,,,,,,,,52.2,,
11/2/2023 12:08,Barley II,60073672 BA,Normal,5B_3_Lime_N_2023_SB_Gr,,Infratec,91915904,9.76,0.222,9.411,10.14,0,0,,11.35,0.079,11.256,11.5,0,0,,63.6,0.894,62.266,64.859,0,0,,,,,,,,,,,,,,,,53.43,,
11/2/2023 12:10,Barley II,60073672 BA,Normal,5B_3_Lime_O_2023_SB_Gr,,Infratec,91915904,10.16,0.273,9.638,10.529,0,0,,11.42,0.062,11.338,11.553,0,0,,63.72,0.793,62.118,64.999,0,0,,,,,,,,,,,,,,,,53.47,,
11/2/2023 12:12,Barley II,60073672 BA,Normal,5B_2_Lime_O_2023_SB_Gr,,Infratec,91915904,10.85,0.114,10.697,11.081,0,0,,11.66,0.073,11.566,11.778,0,0,,62.49,0.442,61.462,63.102,0,0,,,,,,,,,,,,,,,,51.34,,
11/2/2023 12:15,Barley II,60073672 BA,Normal,5B_4_Lime_O_2023_SB_Gr,,Infratec,91915904,9.53,0.176,9.368,9.875,0,0,,11.82,0.064,11.701,11.902,0,0,,64.08,0.438,63.516,64.69,0,0,,,,,,,,,,,,,,,,53.33,,
11/2/2023 12:17,Barley II,60073672 BA,Normal,5B_2_Lime_N_2023_SB_Gr,,Infratec,91915904,10.52,0.179,10.164,10.698,0,0,,11.33,0.071,11.232,11.468,0,0,,63.06,0.276,62.687,63.498,0,0,,,,,,,,,,,,,,,,53.3,,
11/2/2023 12:20,Barley II,60073672 BA,Normal,5B_1_Lime_O_2023_SB_Gr,,Infratec,91915904,9.82,0.221,9.434,10.185,0,0,,11.43,0.072,11.342,11.57,0,0,,63.83,0.869,61.871,64.676,0,0,,,,,,,,,,,,,,,,53.02,,
11/2/2023 13:04,Barley II,60073672 BA,Normal,7B_3_Lime_N_2023_SB_Gr,,Infratec,91915904,11.3,0.223,10.906,11.537,0,0,,11.31,0.074,11.221,11.462,0,0,,61.86,0.491,61.032,62.604,0,0,,,,,,,,,,,,,,,,48.85,,
11/2/2023 13:06,Barley II,60073672 BA,Normal,7B_2_Lime_O_2023_SB_Gr,,Infratec,91915904,10.71,0.386,10.22,11.39,0,0,,11.24,0.093,11.131,11.457,0,0,,62.1,0.959,60.438,63.484,0,0,,,,,,,,,,,,,,,,50.47,,
11/2/2023 13:09,Barley II,60073672 BA,Normal,7B_3_Lime_O_2023_SB_Gr,,Infratec,91915904,10.75,0.255,10.426,11.24,0,0,,11.37,0.057,11.311,11.454,0,0,,62.43,0.561,61.667,63.542,0,0,,,,,,,,,,,,,,,,50.74,,
11/2/2023 13:10,Barley II,60073672 BA,Normal,7B_2_Lime_N_2023_SB_Gr,,Infratec,91915904,9.5,0.469,8.368,10.071,0,0,,11.39,0.04,11.335,11.454,0,0,,63,0.887,61.736,64.453,0,0,,,,,,,,,,,,,,,,49.87,,
11/2/2023 13:12,Barley II,60073672 BA,Normal,7B_4_Lime_N_2023_SB_Gr,,Infratec,91915904,11.99,0.352,11.365,12.729,0,0,,11.39,0.103,11.278,11.574,0,0,,61.62,0.737,59.728,62.434,0,0,,,,,,,,,,,,,,,,49.81,,
11/2/2023 13:14,Barley II,60073672 BA,Normal,7B_4_Lime_O_2023_SB_Gr,,Infratec,91915904,12.59,0.451,12.016,13.37,0,0,,11.64,0.071,11.562,11.766,0,0,,61.24,0.68,59.684,61.99,0,0,,,,,,,,,,,,,,,,50.28,,
11/2/2023 13:16,Barley II,60073672 BA,Normal,7B_1_Lime_O_2023_SB_Gr,,Infratec,91915904,10.29,0.204,9.989,10.578,0,0,,11.17,0.034,11.123,11.218,0,0,,62.41,0.692,60.956,63.48,0,0,,,,,,,,,,,,,,,,48.84,,
11/2/2023 13:19,Beans and Pulses,60073716 FB,Normal,1A_4_Lime_O_2023_GB_Gr,,Infratec,91915904,18.58,1.193,16.906,20.646,0,0,,10.08,0.833,7.939,10.935,0,0,,,,,,,,,,,,,,,,,,,,,,,,,
11/2/2023 13:21,Beans and Pulses,60073716 FB,Normal,1A_1_Lime_N_2023_GB_Gr,,Infratec,91915904,17.17,0.653,16.194,25.574,0,0,,9.44,0.599,7.913,10.032,0,0,,,,,,,,,,,,,,,,,,,,,,,,,
11/2/2023 13:23,Beans and Pulses,60073716 FB,Normal,1A_3_Lime_N_2023_GB_Gr,,Infratec,91915904,17.71,0.914,16.146,21.199,0,0,,9.75,0.815,7.622,10.354,0,0,,,,,,,,,,,,,,,,,,,,,,,,,
11/2/2023 13:25,Beans and Pulses,60073716 FB,Normal,1A_2_Lime_N_2023_GB_Gr,,Infratec,91915904,16.3,0.763,15.316,22.34,0,0,,9.72,0.418,8.959,10.305,0,0,,,,,,,,,,,,,,,,,,,,,,,,,
11/2/2023 13:27,Beans and Pulses,60073716 FB,Normal,5A_1_Lime_O_2023_GB_Gr,,Infratec,91915904,25.5,0.795,24.44,27.138,0,0,,10.78,0.302,10.271,11.115,0,0,,,,,,,,,,,,,,,,,,,,,,,,,
11/2/2023 13:30,Beans and Pulses,60073716 FB,Normal,5A_4_Lime_O_2023_GB_Gr,,Infratec,91915904,18.76,0.713,17.863,20.351,0,0,,10.3,0.503,9.567,11.056,0,0,,,,,,,,,,,,,,,,,,,,,,,,,
11/2/2023 13:32,Beans and Pulses,60073716 FB,Normal,5A_2_Lime_O_2023_GB_Gr,,Infratec,91915904,23.21,0.926,21.963,24.779,0,0,,10.68,0.268,10.304,11.039,0,0,,,,,,,,,,,,,,,,,,,,,,,,,
11/2/2023 13:34,Beans and Pulses,60073716 FB,Normal,1A_4_Lime_N_2023_GB_Gr,,Infratec,91915904,18.22,0.641,17.376,19.006,0,0,,10.06,0.27,9.636,10.586,0,0,,,,,,,,,,,,,,,,,,,,,,,,,
11/2/2023 13:36,Beans and Pulses,60073716 FB,Normal,5A_3_Lime_O_2023_GB_Gr,,Infratec,91915904,19.41,0.851,18.295,21.256,0,0,,10.45,0.358,10.047,11.256,0,0,,,,,,,,,,,,,,,,,,,,,,,,,
11/2/2023 13:38,Beans and Pulses,60073716 FB,Normal,1A_1_Lime_O_2023_GB_Gr,,Infratec,91915904,18.63,0.767,17.497,26.922,0,0,,10.18,0.357,9.401,10.593,0,0,,,,,,,,,,,,,,,,,,,,,,,,,
11/2/2023 13:40,Beans and Pulses,60073716 FB,Normal,1A_3_Lime_O_2023_GB_Gr,,Infratec,91915904,18.51,1.09,16.713,20.732,0,0,,9.82,0.587,8.739,10.536,0,0,,,,,,,,,,,,,,,,,,,,,,,,,
11/2/2023 13:42,Beans and Pulses,60073716 FB,Normal,1A_2_Lime_O_2023_GB_Gr,,Infratec,91915904,18.66,0.652,17.363,19.435,0,0,,10.12,0.314,9.812,10.819,0,0,,,,,,,,,,,,,,,,,,,,,,,,,
11/2/2023 13:43,Field Peas II,60073677 PE,Normal,CW482_GP_2023_WP_Gr,,Infratec,91915904,21.12,0.78,20.166,22.322,0,0,,10.94,0.067,10.844,11.049,0,0,,,,,,,,,,,,,,,,,,,,,,,,,
11/2/2023 13:45,Field Peas II,60073677 PE,Normal,CW495_GP_2023_WP_Gr,,Infratec,91915904,21.08,1.085,20.072,23.421,0,0,,10.05,0.102,9.872,10.244,0,0,,,,,,,,,,,,,,,,,,,,,,,,,
11/2/2023 13:47,Field Peas II,60073677 PE,Normal,CW484_GP_2023_WP_Gr,,Infratec,91915904,22.06,0.56,21.454,23.199,0,0,,10.4,0.133,10.2,10.601,0,0,,,,,,,,,,,,,,,,,,,,,,,,,
11/2/2023 13:49,Field Peas II,60073677 PE,Normal,CW488_GP_2023_WP_Gr,,Infratec,91915904,23.75,1.074,22.263,25.313,0,0,,10.44,0.124,10.201,10.584,0,0,,,,,,,,,,,,,,,,,,,,,,,,,
11/2/2023 13:51,Field Peas II,60073677 PE,Normal,CW483_GP_2023_WP_Gr,,Infratec,91915904,21.37,1.471,19.874,25.077,0,0,,10.31,0.231,10.13,10.906,0,0,,,,,,,,,,,,,,,,,,,,,,,,,
11/2/2023 13:53,Field Peas II,60073677 PE,Normal,CW485_GP_2023_WP_Gr,,Infratec,91915904,21.34,1.112,19.603,23.354,0,0,,10.48,0.135,10.222,10.639,0,0,,,,,,,,,,,,,,,,,,,,,,,,,
11/2/2023 13:56,Field Peas II,60073677 PE,Normal,CW486_GP_2023_WP_Gr,,Infratec,91915904,22.06,0.969,20.649,23.995,0,0,,10.37,0.172,10.106,10.576,0,0,,,,,,,,,,,,,,,,,,,,,,,,,
11/2/2023 13:58,Field Peas II,60073677 PE,Normal,CW480_GP_2023_WP_Gr,,Infratec,91915904,21.21,0.607,20.537,22.245,0,0,,10.59,0.081,10.42,10.714,0,0,,,,,,,,,,,,,,,,,,,,,,,,,
11/2/2023 14:00,Field Peas II,60073677 PE,Normal,CW494_GP_2023_WP_Gr,,Infratec,91915904,21.17,1.519,19.831,25.203,0,0,,10.7,0.102,10.526,10.824,0,0,,,,,,,,,,,,,,,,,,,,,,,,,
11/2/2023 14:02,Field Peas II,60073677 PE,Normal,CW492_GP_2023_WP_Gr,,Infratec,91915904,21.84,2.081,20.294,26.644,0,0,,10.84,1.371,10.279,14.231,0,0,,,,,,,,,,,,,,,,,,,,,,,,,
11/2/2023 14:04,Field Peas II,60073677 PE,Normal,CW481_GP_2023_WP_Gr,,Infratec,91915904,20.81,1.544,18.969,24.251,0,0,,10.28,0.194,10.025,10.554,0,0,,,,,,,,,,,,,,,,,,,,,,,,,
11/2/2023 14:06,Field Peas II,60073677 PE,Normal,CW497_GP_2023_WP_Gr,,Infratec,91915904,21.24,0.966,19.339,22.685,0,0,,10.36,0.131,10.171,10.602,0,0,,,,,,,,,,,,,,,,,,,,,,,,,
11/2/2023 14:08,Field Peas II,60073677 PE,Normal,CW498_GP_2023_WP_Gr,,Infratec,91915904,21.01,1.017,19.888,22.848,0,0,,10.35,0.105,10.158,10.495,0,0,,,,,,,,,,,,,,,,,,,,,,,,,
11/2/2023 14:10,Field Peas II,60073677 PE,Normal,CW487_GP_2023_WP_Gr,,Infratec,91915904,22.43,1.885,20.342,26.818,0,0,,10.77,0.853,10.242,13.173,0,0,,,,,,,,,,,,,,,,,,,,,,,,,
11/2/2023 14:17,Field Peas II,60073677 PE,Normal,CW489_GP_2023_WP_Gr,,Infratec,91915904,21.22,0.732,20.008,22.322,0,0,,10.47,0.15,10.241,10.691,0,0,,,,,,,,,,,,,,,,,,,,,,,,,
11/2/2023 14:20,Field Peas II,60073677 PE,Normal,CW499_GP_2023_WP_Gr,,Infratec,91915904,21.02,1.082,19.053,22.318,0,0,,10.64,0.095,10.449,10.745,0,0,,,,,,,,,,,,,,,,,,,,,,,,,
11/2/2023 14:22,Field Peas II,60073677 PE,Normal,CW496_GP_2023_WP_Gr,,Infratec,91915904,22.41,1.223,20.48,25.046,0,0,,9.85,0.195,9.543,10.143,0,0,,,,,,,,,,,,,,,,,,,,,,,,,
11/2/2023 14:24,Field Peas II,60073677 PE,Normal,CW491_GP_2023_WP_Gr,,Infratec,91915904,21.92,1.54,20.091,25.137,0,0,,10.42,0.186,10.008,10.71,0,0,,,,,,,,,,,,,,,,,,,,,,,,,
11/2/2023 14:29,Field Peas II,60073677 PE,Normal,CW493_GP_2023_WP_Gr,,Infratec,91915904,20.66,0.907,19.574,22.285,0,0,,10.44,0.095,10.294,10.592,0,0,,,,,,,,,,,,,,,,,,,,,,,,,
11/2/2023 14:33,Field Peas II,60073677 PE,Normal,CW490_GP_2023_WP_Gr,,Infratec,91915904,21.01,1.136,19.614,22.701,0,0,,10.56,0.139,10.329,10.734,0,0,,,,,,,,,,,,,,,,,,,,,,,,,
11/2/2023 14:37,Wheat II,60073697 WH,Normal,9A_2_Lime_N_2023_SW_Gr,,Infratec,91915904,11.88,0.159,11.689,12.169,0,0,,10.89,0.026,10.848,10.926,0,0,,72.07,0.239,71.759,72.474,0,0,,31.24,0.415,30.682,32.067,0,0,,44.96,1.369,42.904,47.58,0,0,,60.72,,
11/2/2023 14:39,Wheat II,60073697 WH,Normal,9A_3_Lime_N_2023_SW_Gr,,Infratec,91915904,11.5,0.143,11.318,11.735,0,0,,11.27,0.013,11.255,11.289,0,0,,72.41,0.263,72.037,72.851,0,0,,30.08,0.453,29.155,30.741,0,0,,43.2,1.001,41.792,44.911,0,0,,61.32,,
11/2/2023 14:40,Wheat II,60073697 WH,Normal,9A_4_Lime_N_2023_SW_Gr,,Infratec,91915904,10.87,0.141,10.69,11.116,0,0,,11.03,0.037,10.951,11.077,0,0,,72.66,0.289,72.243,73.117,0,0,,28.2,0.7,27.303,29.518,0,0,,38.75,0.91,37.014,40.151,0,0,,59.95,,
11/2/2023 14:42,Wheat II,60073697 WH,Normal,9A_1_Lime_N_2023_SW_Gr,,Infratec,91915904,12.51,0.15,12.223,12.646,0,0,,11.63,0.032,11.588,11.686,0,0,,71.12,0.23,70.768,71.582,0,0,,32.37,0.455,31.45,32.82,0,0,,46.24,1.897,42.318,47.909,0,0,,60.56,,
11/2/2023 14:43,Wheat II,60073697 WH,Normal,9A_2_Lime_O_2023_SW_Gr,,Infratec,91915904,11.65,0.099,11.459,11.824,0,0,,11.03,0.031,10.983,11.082,0,0,,72.23,0.191,71.961,72.652,0,0,,30.55,0.404,29.656,31.062,0,0,,43.26,1.208,40.933,44.789,0,0,,61.01,,
11/2/2023 14:44,Wheat II,60073697 WH,Normal,9A_1_Lime_O_2023_SW_Gr,,Infratec,91915904,12.16,0.199,11.828,12.441,0,0,,11.21,0.039,11.134,11.257,0,0,,71.87,0.314,71.238,72.38,0,0,,31.92,0.659,30.452,32.525,0,0,,47.13,1.402,45.193,49.795,0,0,,62.07,,
11/2/2023 14:46,Wheat II,60073697 WH,Normal,9A_3_Lime_O_2023_SW_Gr,,Infratec,91915904,11.34,0.106,11.161,11.515,0,0,,11.72,0.027,11.665,11.765,0,0,,72.56,0.225,72.157,72.872,0,0,,29.11,0.586,27.936,29.953,0,0,,41.37,0.789,40.409,42.645,0,0,,61.85,,
11/2/2023 14:47,Wheat II,60073697 WH,Normal,9A_4_Lime_O_2023_SW_Gr,,Infratec,91915904,10.63,0.157,10.441,10.936,0,0,,11.3,0.022,11.272,11.341,0,0,,73.22,0.204,73.028,73.579,0,0,,26.95,0.602,26.284,28.069,0,0,,37.72,0.706,36.836,38.872,0,0,,61.9,,
11/3/2023 8:53,Wheat II,60073697 WH,Normal,9B_2_Lime_N_2023_SW_Gr,,Infratec,91915904,11.08,0.187,10.845,11.507,0,0,,11.06,0.032,10.986,11.099,0,0,,72.2,0.412,71.609,72.838,0,0,,29.28,0.644,28.104,30.103,0,0,,39.48,1.09,38.172,41.891,0,0,,60.72,,
11/3/2023 8:55,Wheat II,60073697 WH,Normal,9B_1_Lime_O_2023_SW_Gr,,Infratec,91915904,10.87,0.095,10.695,11.021,0,0,,11.28,0.018,11.248,11.304,0,0,,72.24,0.206,71.884,72.563,0,0,,28.53,0.633,27.684,29.379,0,0,,38.78,0.881,37.636,40.404,0,0,,61.39,,
11/3/2023 8:56,Wheat II,60073697 WH,Normal,9B_2_Lime_O_2023_SW_Gr,,Infratec,91915904,11.16,0.124,10.89,11.329,0,0,,11.08,0.04,11.019,11.128,0,0,,71.89,0.258,71.428,72.36,0,0,,29.69,0.475,28.734,30.257,0,0,,40,1.152,37.169,41.425,0,0,,61.45,,
11/3/2023 8:58,Wheat II,60073697 WH,Normal,9B_4_Lime_O_2023_SW_Gr,,Infratec,91915904,10.39,0.124,10.233,10.631,0,0,,11.04,0.047,10.964,11.132,0,0,,72.93,0.327,72.413,73.613,0,0,,26.86,0.594,25.814,27.857,0,0,,36.47,0.484,35.792,37.59,0,0,,61.29,,
11/3/2023 8:59,Wheat II,60073697 WH,Normal,9B_4_Lime_N_2023_SW_Gr,,Infratec,91915904,11.35,0.156,11.16,11.631,0,0,,11.11,0.057,11.014,11.184,0,0,,71.85,0.275,71.426,72.276,0,0,,29.71,0.588,28.746,30.346,0,0,,42.1,1.265,40.205,43.725,0,0,,60.85,,
11/3/2023 16:18,Wheat II,60073697 WH,Normal,15,,Infratec,91915904,,,,,,,,,,,,,,,,,,,,,,,,,,,,,,,,,,,,,,
11/6/2023 10:26,Instrument Calibration Product,STD,Standardization,,,Infratec,91915904,,,,,,,,,,,,,,,,,,,,,,,,,,,,,,,,,,,,,,Wavelength calibration
11/6/2023 11:28,Field Peas II,60073677 PE,Normal,CW474_GP_2023_WP_Gr,,Infratec,91915904,21.68,0.652,20.387,22.593,0,0,,10.43,0.04,10.367,10.484,0,0,,,,,,,,,,,,,,,,,,,,,,,,,
11/6/2023 11:30,Field Peas II,60073677 PE,Normal,CW471_GP_2023_WP_Gr,,Infratec,91915904,20.81,0.594,20.122,22.122,0,0,,10.79,0.09,10.672,10.949,0,0,,,,,,,,,,,,,,,,,,,,,,,,,
11/6/2023 11:34,Field Peas II,60073677 PE,Normal,CW461_GP_2023_WP_Gr,,Infratec,91915904,21.41,0.836,20.44,22.559,0,0,,10.28,0.119,10.038,10.441,0,0,,,,,,,,,,,,,,,,,,,,,,,,,
11/6/2023 11:35,Field Peas II,60073677 PE,Normal,CW473_GP_2023_WP_Gr,,Infratec,91915904,21.83,0.555,20.754,22.657,0,0,,10.29,0.1,10.16,10.437,0,0,,,,,,,,,,,,,,,,,,,,,,,,,
11/6/2023 11:38,Field Peas II,60073677 PE,Normal,CW479_GP_2023_WP_Gr,,Infratec,91915904,21.13,0.638,20.339,21.921,0,0,,10.64,0.123,10.385,10.76,0,0,,,,,,,,,,,,,,,,,,,,,,,,,
11/6/2023 11:40,Field Peas II,60073677 PE,Normal,CW472_GP_2023_WP_Gr,,Infratec,91915904,21.11,0.693,20.202,22.28,0,0,,10.19,0.111,9.996,10.354,0,0,,,,,,,,,,,,,,,,,,,,,,,,,
11/6/2023 11:43,Field Peas II,60073677 PE,Normal,CW476_GP_2023_WP_Gr,,Infratec,91915904,22.59,1.327,21.377,25.123,0,0,,10.7,0.429,10.381,11.851,0,0,,,,,,,,,,,,,,,,,,,,,,,,,
11/6/2023 11:45,Field Peas II,60073677 PE,Normal,CW469_GP_2023_WP_Gr,,Infratec,91915904,22.53,0.499,21.796,23.59,0,0,,10.5,0.087,10.359,10.624,0,0,,,,,,,,,,,,,,,,,,,,,,,,,
11/6/2023 11:47,Field Peas II,60073677 PE,Normal,CW470_GP_2023_WP_Gr,,Infratec,91915904,21.43,0.892,20.3,22.351,0,0,,10.58,0.222,10.179,10.847,0,0,,,,,,,,,,,,,,,,,,,,,,,,,
11/6/2023 11:49,Field Peas II,60073677 PE,Normal,CW460_GP_2023_WP_Gr,,Infratec,91915904,21.06,0.52,20.322,21.757,0,0,,10.41,0.069,10.277,10.51,0,0,,,,,,,,,,,,,,,,,,,,,,,,,
11/6/2023 11:51,Field Peas II,60073677 PE,Normal,CW468_GP_2023_WP_Gr,,Infratec,91915904,20.82,0.632,19.712,21.704,0,0,,10.3,0.191,9.909,10.549,0,0,,,,,,,,,,,,,,,,,,,,,,,,,
11/6/2023 11:53,Field Peas II,60073677 PE,Normal,CW464_GP_2023_WP_Gr,,Infratec,91915904,21.28,0.645,20.354,22.108,0,0,,10.41,0.063,10.309,10.5,0,0,,,,,,,,,,,,,,,,,,,,,,,,,
11/6/2023 11:55,Field Peas II,60073677 PE,Normal,CW462_GP_2023_WP_Gr,,Infratec,91915904,21.24,0.733,20.575,22.462,0,0,,10.24,0.089,10.112,10.392,0,0,,,,,,,,,,,,,,,,,,,,,,,,,
11/6/2023 11:57,Field Peas II,60073677 PE,Normal,CW465_GP_2023_WP_Gr,,Infratec,91915904,21.49,0.963,20.422,23.45,0,0,,10.6,0.092,10.418,10.693,0,0,,,,,,,,,,,,,,,,,,,,,,,,,
11/6/2023 11:58,Field Peas II,60073677 PE,Normal,CW475_GP_2023_WP_Gr,,Infratec,91915904,21.45,0.702,20.602,22.688,0,0,,10.27,0.112,10.124,10.5,0,0,,,,,,,,,,,,,,,,,,,,,,,,,
11/6/2023 12:00,Field Peas II,60073677 PE,Normal,CW477_GP_2023_WP_Gr,,Infratec,91915904,20.44,0.161,20.292,20.796,0,0,,10.3,0.101,10.126,10.476,0,0,,,,,,,,,,,,,,,,,,,,,,,,,
11/6/2023 12:02,Field Peas II,60073677 PE,Normal,CW467_GP_2023_WP_Gr,,Infratec,91915904,20.61,0.379,20.298,21.521,0,0,,10.17,0.097,10.007,10.291,0,0,,,,,,,,,,,,,,,,,,,,,,,,,
11/6/2023 12:04,Field Peas II,60073677 PE,Normal,CW466_GP_2023_WP_Gr,,Infratec,91915904,21.23,1.407,20.324,24.848,0,0,,10.56,0.594,10.166,12.223,0,0,,,,,,,,,,,,,,,,,,,,,,,,,
11/6/2023 12:06,Field Peas II,60073677 PE,Normal,CW478_GP_2023_WP_Gr,,Infratec,91915904,21.99,0.628,20.975,23.109,0,0,,10.3,0.093,10.099,10.424,0,0,,,,,,,,,,,,,,,,,,,,,,,,,
11/6/2023 12:09,Field Peas II,60073677 PE,Normal,CW453_GP_2023_WP_Gr,,Infratec,91915904,20.86,0.888,20.396,23.171,0,0,,10.14,0.153,9.818,10.356,0,0,,,,,,,,,,,,,,,,,,,,,,,,,
11/6/2023 12:11,Field Peas II,60073677 PE,Normal,CW451_GP_2023_WP_Gr,,Infratec,91915904,22.47,1.181,21.248,25.326,0,0,,10.36,0.134,10.13,10.546,0,0,,,,,,,,,,,,,,,,,,,,,,,,,
11/6/2023 12:13,Field Peas II,60073677 PE,Normal,CW448_GP_2023_WP_Gr,,Infratec,91915904,23.22,1.008,22.106,25.149,0,0,,10.67,0.103,10.509,10.842,0,0,,,,,,,,,,,,,,,,,,,,,,,,,
11/6/2023 12:15,Field Peas II,60073677 PE,Normal,CW450_GP_2023_WP_Gr,,Infratec,91915904,21.79,0.633,20.953,22.759,0,0,,10.4,0.343,10.2,11.297,0,0,,,,,,,,,,,,,,,,,,,,,,,,,
11/6/2023 12:16,Field Peas II,60073677 PE,Normal,CW446_GP_2023_WP_Gr,,Infratec,91915904,21.33,0.68,20.533,22.307,0,0,,10.39,0.143,10.152,10.612,0,0,,,,,,,,,,,,,,,,,,,,,,,,,
11/6/2023 12:18,Field Peas II,60073677 PE,Normal,CW443_GP_2023_WP_Gr,,Infratec,91915904,22,0.89,20.623,23.8,0,0,,10.53,0.086,10.439,10.69,0,0,,,,,,,,,,,,,,,,,,,,,,,,,
11/6/2023 12:20,Field Peas II,60073677 PE,Normal,CW456_GP_2023_WP_Gr,,Infratec,91915904,20.98,0.669,20.36,22.396,0,0,,10.15,0.127,9.996,10.414,0,0,,,,,,,,,,,,,,,,,,,,,,,,,
11/6/2023 12:22,Field Peas II,60073677 PE,Normal,CW449_GP_2023_WP_Gr,,Infratec,91915904,21.6,1.116,20.401,24.306,0,0,,10.56,0.167,10.365,10.928,0,0,,,,,,,,,,,,,,,,,,,,,,,,,
11/6/2023 12:24,Field Peas II,60073677 PE,Normal,CW445_GP_2023_WP_Gr,,Infratec,91915904,20.97,0.636,20.425,22.129,0,0,,10.33,0.128,10.136,10.45,0,0,,,,,,,,,,,,,,,,,,,,,,,,,
11/6/2023 12:26,Field Peas II,60073677 PE,Normal,CW452_GP_2023_WP_Gr,,Infratec,91915904,20.9,0.761,20.319,22.303,0,0,,10.04,0.185,9.806,10.345,0,0,,,,,,,,,,,,,,,,,,,,,,,,,
11/6/2023 12:28,Field Peas II,60073677 PE,Normal,CW457_GP_2023_WP_Gr,,Infratec,91915904,21.68,0.909,20.497,23.156,0,0,,10.07,0.235,9.714,10.393,0,0,,,,,,,,,,,,,,,,,,,,,,,,,
11/6/2023 12:30,Field Peas II,60073677 PE,Normal,CW454_GP_2023_WP_Gr,,Infratec,91915904,20.72,0.613,20.315,22.158,0,0,,10.46,0.141,10.287,10.765,0,0,,,,,,,,,,,,,,,,,,,,,,,,,
11/6/2023 12:32,Field Peas II,60073677 PE,Normal,CW442_GP_2023_WP_Gr,,Infratec,91915904,21.6,1.946,19.981,25.189,0,0,,10.36,0.182,9.992,10.557,0,0,,,,,,,,,,,,,,,,,,,,,,,,,
11/6/2023 12:34,Field Peas II,60073677 PE,Normal,CW441_GP_2023_WP_Gr,,Infratec,91915904,22.75,2.337,20.521,28.718,0,0,,10.44,0.085,10.353,10.567,0,0,,,,,,,,,,,,,,,,,,,,,,,,,
11/6/2023 12:36,Field Peas II,60073677 PE,Normal,CW447_GP_2023_WP_Gr,,Infratec,91915904,22.4,1.183,21.108,25.336,0,0,,10.67,0.818,10.312,12.988,0,0,,,,,,,,,,,,,,,,,,,,,,,,,
11/6/2023 12:37,Field Peas II,60073677 PE,Normal,CW458_GP_2023_WP_Gr,,Infratec,91915904,21.55,0.758,20.376,22.322,0,0,,10.02,0.103,9.828,10.132,0,0,,,,,,,,,,,,,,,,,,,,,,,,,
11/6/2023 12:39,Field Peas II,60073677 PE,Normal,CW459_GP_2023_WP_Gr,,Infratec,91915904,20.89,1.042,20.324,23.328,0,0,,10.17,0.106,9.971,10.338,0,0,,,,,,,,,,,,,,,,,,,,,,,,,
11/6/2023 12:41,Field Peas II,60073677 PE,Normal,CW455_GP_2023_WP_Gr,,Infratec,91915904,21.72,0.667,20.919,22.95,0,0,,10.38,0.065,10.265,10.488,0,0,,,,,,,,,,,,,,,,,,,,,,,,,
11/6/2023 12:44,Field Peas II,60073677 PE,Normal,CW433_GP_2023_WP_Gr,,Infratec,91915904,21.45,0.766,20.33,22.296,0,0,,10.72,0.078,10.623,10.799,0,0,,,,,,,,,,,,,,,,,,,,,,,,,
11/6/2023 12:46,Field Peas II,60073677 PE,Normal,CW431_GP_2023_WP_Gr,,Infratec,91915904,21.19,1.288,20.279,24.187,0,0,,10.59,0.165,10.268,10.854,0,0,,,,,,,,,,,,,,,,,,,,,,,,,
11/6/2023 12:48,Field Peas II,60073677 PE,Normal,CW428_GP_2023_WP_Gr,,Infratec,91915904,21.86,0.339,21.349,22.349,0,0,,10.58,0.073,10.499,10.679,0,0,,,,,,,,,,,,,,,,,,,,,,,,,
11/6/2023 12:50,Field Peas II,60073677 PE,Normal,CW427_GP_2023_WP_Gr,,Infratec,91915904,21.64,0.772,20.458,22.315,0,0,,10.92,0.092,10.747,11.054,0,0,,,,,,,,,,,,,,,,,,,,,,,,,
11/6/2023 12:52,Field Peas II,60073677 PE,Normal,CW430_GP_2023_WP_Gr,,Infratec,91915904,22.62,1.856,20.346,26.637,0,0,,10.65,0.122,10.432,10.845,0,0,,,,,,,,,,,,,,,,,,,,,,,,,
11/6/2023 12:54,Field Peas II,60073677 PE,Normal,CW435_GP_2023_WP_Gr,,Infratec,91915904,21.58,0.699,20.684,22.292,0,0,,10.3,0.086,10.21,10.486,0,0,,,,,,,,,,,,,,,,,,,,,,,,,
11/6/2023 12:56,Field Peas II,60073677 PE,Normal,CW432_GP_2023_WP_Gr,,Infratec,91915904,21.67,0.697,20.818,22.657,0,0,,10.49,0.056,10.395,10.579,0,0,,,,,,,,,,,,,,,,,,,,,,,,,
11/6/2023 12:58,Field Peas II,60073677 PE,Normal,CW426_GP_2023_WP_Gr,,Infratec,91915904,22.26,1.571,20.774,25.202,0,0,,10.38,0.153,10.145,10.616,0,0,,,,,,,,,,,,,,,,,,,,,,,,,
11/6/2023 13:00,Field Peas II,60073677 PE,Normal,CW439_GP_2023_WP_Gr,,Infratec,91915904,22.72,0.832,21.805,24.657,0,0,,10.76,0.776,10.408,12.963,0,0,,,,,,,,,,,,,,,,,,,,,,,,,
11/6/2023 13:01,Field Peas II,60073677 PE,Normal,CW437_GP_2023_WP_Gr,,Infratec,91915904,21.48,0.741,20.621,22.37,0,0,,10.15,0.199,9.81,10.424,0,0,,,,,,,,,,,,,,,,,,,,,,,,,
11/6/2023 13:04,Field Peas II,60073677 PE,Normal,CW429_GP_2023_WP_Gr,,Infratec,91915904,21.17,0.702,20.371,22.245,0,0,,10.4,0.127,10.164,10.547,0,0,,,,,,,,,,,,,,,,,,,,,,,,,
11/6/2023 13:06,Field Peas II,60073677 PE,Normal,CW438_GP_2023_WP_Gr,,Infratec,91915904,22.93,0.744,22.322,24.338,0,0,,11.04,0.058,10.947,11.101,0,0,,,,,,,,,,,,,,,,,,,,,,,,,
11/6/2023 13:08,Field Peas II,60073677 PE,Normal,CW434_GP_2023_WP_Gr,,Infratec,91915904,21.72,0.719,20.693,22.519,0,0,,10.41,0.115,10.204,10.568,0,0,,,,,,,,,,,,,,,,,,,,,,,,,
11/6/2023 14:05,Wheat II,60073697 WH,Normal,6A_3_Lime_N_2023_SW_Gr,,Infratec,91915904,12.6,0.174,12.359,12.822,0,0,,11.39,0.054,11.328,11.495,0,0,,71.24,0.376,70.614,71.978,0,0,,31.45,0.567,30.288,32.102,0,0,,52.06,2.147,49.394,55.67,0,0,,62.9,,
11/6/2023 14:06,Wheat II,60073697 WH,Normal,6A_1_Lime_N_2023_SW_Gr,,Infratec,91915904,11.7,0.14,11.442,11.927,0,0,,11.49,0.053,11.419,11.59,0,0,,72.09,0.168,71.897,72.395,0,0,,28.24,0.583,27.305,28.912,0,0,,44.28,1.157,42.521,46.185,0,0,,62.62,,
11/6/2023 14:08,Wheat II,60073697 WH,Normal,6A_2_Lime_N_2023_SW_Gr,,Infratec,91915904,12.47,0.135,12.275,12.73,0,0,,11.79,0.038,11.743,11.864,0,0,,71.22,0.706,69.422,71.964,0,0,,30.85,0.464,30.007,31.385,0,0,,50.31,2.388,44.874,53.176,0,0,,63.05,,
11/6/2023 14:10,Wheat II,60073697 WH,Normal,6A_4_Lime_N_2023_SW_Gr,,Infratec,91915904,12.59,0.12,12.418,12.81,0,0,,12.56,0.052,12.468,12.645,0,0,,71.4,0.414,71.006,72.214,0,0,,30.9,0.475,30.177,31.543,0,0,,50.71,2.053,46.982,53.146,0,0,,62.73,,
11/6/2023 14:27,Wheat II,60073697 WH,Normal,6A_4_Lime_O_2023_SW_Gr,,Infratec,91915904,12.16,0.205,11.872,12.496,0,0,,11.58,0.037,11.523,11.629,0,0,,71.48,0.288,70.884,71.705,0,0,,31.69,0.618,30.655,32.721,0,0,,48.58,2.06,46.563,51.605,0,0,,62.63,,
11/6/2023 14:29,Wheat II,60073697 WH,Normal,6A_3_Lime_O_2023_SW_Gr,,Infratec,91915904,10.94,0.123,10.673,11.117,0,0,,11.38,0.029,11.339,11.426,0,0,,72.75,0.248,72.433,73.329,0,0,,28.18,0.55,27.369,28.961,0,0,,39.96,0.815,38.607,41.69,0,0,,62.13,,
11/6/2023 14:31,Wheat II,60073697 WH,Normal,6A_2_Lime_O_2023_SW_Gr,,Infratec,91915904,10.84,0.159,10.599,11.002,0,0,,11.04,0.044,10.986,11.1,0,0,,72.82,0.18,72.532,73.122,0,0,,27.92,0.459,27.109,28.57,0,0,,38.63,1.105,36.879,39.997,0,0,,61.25,,
11/6/2023 14:34,Wheat II,60073697 WH,Normal,6A_1_Lime_O_2023_SW_Gr,,Infratec,91915904,10.04,0.301,9.601,10.462,0,0,,11.05,0.035,10.981,11.111,0,0,,73.49,0.337,72.948,74.124,0,0,,25.94,1.024,24.672,27.728,0,0,,34.31,1.463,32.378,36.904,0,0,,61.4,,
11/6/2023 14:40,Wheat II,60073697 WH,Normal,6B_1_Lime_N_2023_SW_Gr,,Infratec,91915904,9.77,0.238,9.343,10.153,0,0,,11.58,0.047,11.516,11.656,0,0,,73.76,0.295,73.359,74.344,0,0,,25.37,0.708,24.301,26.782,0,0,,33.14,1.115,31.424,34.689,0,0,,61.19,,
11/6/2023 14:43,Wheat II,60073697 WH,Normal,6B_2_Lime_N_2023_SW_Gr,,Infratec,91915904,9.55,0.11,9.348,9.773,0,0,,11.07,0.051,10.96,11.124,0,0,,73.82,0.264,73.283,74.148,0,0,,24.81,0.589,23.971,25.83,0,0,,31.99,0.865,31.147,33.772,0,0,,60.96,,
11/6/2023 14:44,Wheat II,60073697 WH,Normal,6B_3_Lime_N_2023_SW_Gr,,Infratec,91915904,11.3,0.168,11.115,11.533,0,0,,11.41,0.045,11.355,11.477,0,0,,72.35,0.317,71.834,72.82,0,0,,28.81,0.742,27.414,29.633,0,0,,41.64,1.258,40.123,43.968,0,0,,62.22,,
11/6/2023 14:46,Wheat II,60073697 WH,Normal,6B_4_Lime_N_2023_SW_Gr,,Infratec,91915904,10.26,0.198,9.862,10.475,0,0,,11.39,0.05,11.304,11.447,0,0,,73.67,0.858,73.075,75.974,0,0,,26.69,0.88,25.041,27.916,0,0,,35.64,0.862,34.049,36.929,0,0,,61.69,,
11/6/2023 14:49,Wheat II,60073697 WH,Normal,6B_4_Lime_O_2023_SW_Gr,,Infratec,91915904,12.04,0.211,11.671,12.342,0,0,,11.3,0.038,11.242,11.365,0,0,,71.54,0.276,71.036,71.866,0,0,,31.54,0.64,30.574,32.281,0,0,,46.82,1.941,43.444,49.267,0,0,,62.55,,
11/6/2023 14:51,Wheat II,60073697 WH,Normal,6B_1_Lime_O_2023_SW_Gr,,Infratec,91915904,10.43,0.128,10.222,10.644,0,0,,11.28,0.039,11.206,11.34,0,0,,73.45,0.204,73.175,73.887,0,0,,27.18,0.571,26.574,28.32,0,0,,36.59,0.667,35.094,37.392,0,0,,61.07,,
11/6/2023 14:53,Wheat II,60073697 WH,Normal,6B_3_Lime_O_2023_SW_Gr,,Infratec,91915904,12.52,0.196,12.23,12.883,0,0,,11.06,0.034,10.985,11.108,0,0,,71.41,0.237,71.071,71.811,0,0,,32.69,0.558,31.459,33.529,0,0,,47.99,2.168,44.107,50.692,0,0,,62.53,,
11/6/2023 14:55,Wheat II,60073697 WH,Normal,6B_2_Lime_O_2023_SW_Gr,,Infratec,91915904,11.1,0.259,10.658,11.413,0,0,,11.47,0.042,11.398,11.521,0,0,,72.71,0.2,72.467,73.048,0,0,,28.57,0.625,27.758,29.784,0,0,,40.86,2.219,37.452,43.978,0,0,,61.69,,
11/6/2023 14:56,Wheat II,60073697 WH,Normal,8A_4_Lime_N_2023_SW_Gr,,Infratec,91915904,11.02,0.137,10.828,11.209,0,0,,10.9,0.018,10.86,10.916,0,0,,72.48,0.32,72.026,73.033,0,0,,28.66,0.647,27.668,29.534,0,0,,38.97,0.958,37.432,40.741,0,0,,60.47,,
11/6/2023 14:58,Wheat II,60073697 WH,Normal,8A_3_Lime_O_2023_SW_Gr,,Infratec,91915904,10.07,0.174,9.789,10.311,0,0,,11.09,0.037,11.035,11.142,0,0,,73.42,0.426,72.943,74.008,0,0,,25.75,0.987,23.582,27.01,0,0,,34.5,1.203,31.866,35.749,0,0,,61.58,,
11/6/2023 14:59,Wheat II,60073697 WH,Normal,8A_2_Lime_O_2023_SW_Gr,,Infratec,91915904,10.78,0.129,10.525,10.942,0,0,,11.56,0.036,11.503,11.62,0,0,,72.65,0.236,72.3,73.069,0,0,,27.12,0.504,26.498,28.051,0,0,,38.25,0.754,36.942,39.116,0,0,,60.73,,
11/6/2023 15:01,Wheat II,60073697 WH,Normal,8A_2_Lime_N_2023_SW_Gr,,Infratec,91915904,10.42,0.164,10.216,10.714,0,0,,10.67,0.051,10.592,10.759,0,0,,73.18,0.437,72.599,74.151,0,0,,27.37,1.123,26.416,30.357,0,0,,36.08,0.677,35.204,36.986,0,0,,60.19,,
11/6/2023 15:02,Wheat II,60073697 WH,Normal,8A_3_Lime_N_2023_SW_Gr,,Infratec,91915904,10.91,0.098,10.707,11.055,0,0,,10.68,0.024,10.635,10.726,0,0,,72.7,0.189,72.318,72.978,0,0,,28.27,0.239,27.968,28.61,0,0,,38.73,0.601,38.04,39.588,0,0,,59.83,,
11/6/2023 15:04,Wheat II,60073697 WH,Normal,8A_1_Lime_N_2023_SW_Gr,,Infratec,91915904,10.49,0.224,10.113,10.949,0,0,,11.09,0.023,11.058,11.135,0,0,,72.7,0.353,72.177,73.301,0,0,,26.89,0.938,24.914,28.586,0,0,,36.25,0.908,34.964,38.029,0,0,,60.72,,
11/6/2023 15:06,Wheat II,60073697 WH,Normal,8A_1_Lime_O_2023_SW_Gr,,Infratec,91915904,11.34,0.195,11.021,11.63,0,0,,10.63,0.016,10.612,10.652,0,0,,72.47,0.356,71.86,72.934,0,0,,29.42,0.768,28.464,30.707,0,0,,40.04,0.927,38.427,41.6,0,0,,62.03,,
11/6/2023 15:08,Wheat II,60073697 WH,Normal,8A_4_Lime_O_2023_SW_Gr,,Infratec,91915904,10.31,0.194,10.086,10.639,0,0,,11.02,0.042,10.939,11.07,0,0,,73.07,0.324,72.561,73.451,0,0,,26.02,0.878,24.829,27.734,0,0,,35.44,0.911,34.556,37.237,0,0,,61.51,,
11/6/2023 15:24,Wheat II,60073697 WH,Normal,8B_1_Lime_O_2023_SW_Gr,,Infratec,91915904,11.26,0.259,11.012,11.903,0,0,,10.94,0.023,10.88,10.957,0,0,,72.32,0.313,71.574,72.602,0,0,,29.07,0.966,28.005,31.523,0,0,,40.14,1.994,38.135,45.047,0,0,,62.86,,
11/6/2023 15:26,Wheat II,60073697 WH,Normal,8B_1_Lime_N_2023_SW_Gr,,Infratec,91915904,10.84,0.148,10.591,10.995,0,0,,10.88,0.036,10.836,10.939,0,0,,72.89,0.399,72.291,73.587,0,0,,28.23,0.371,27.608,28.62,0,0,,38.06,0.751,36.974,39.068,0,0,,63.1,,
11/6/2023 15:27,Wheat II,60073697 WH,Normal,8B_3_Lime_O_2023_SW_Gr,,Infratec,91915904,9.25,0.203,8.895,9.564,0,0,,11.39,0.045,11.339,11.485,0,0,,74.07,0.239,73.67,74.558,0,0,,23.95,0.859,22.662,25.351,0,0,,30.4,1.525,28.064,32.441,0,0,,61.46,,
11/6/2023 15:29,Wheat II,60073697 WH,Normal,8B_4_Lime_O_2023_SW_Gr,,Infratec,91915904,9.98,0.176,9.591,10.216,0,0,,11.33,0.075,11.206,11.412,0,0,,73.68,0.288,73.186,74.256,0,0,,25.66,0.744,24.84,27.112,0,0,,33.88,0.775,32.185,34.578,0,0,,61.8,,
11/6/2023 15:32,Wheat II,60073697 WH,Normal,8B_4_Lime_N_2023_SW_Gr,,Infratec,91915904,10.55,0.205,10.213,10.858,0,0,,11.41,0.044,11.352,11.493,0,0,,73.12,0.249,72.761,73.448,0,0,,27.16,0.699,25.927,28.071,0,0,,36.62,1.339,34.278,38.587,0,0,,62.12,,
11/6/2023 15:34,Wheat II,60073697 WH,Normal,8B_3_Lime_N_2023_SW_Gr,,Infratec,91915904,9.07,0.119,8.851,9.212,0,0,,11.63,0.024,11.598,11.675,0,0,,74.05,0.192,73.817,74.344,0,0,,23.59,0.75,22.149,24.416,0,0,,28.28,1.401,25.218,30.115,0,0,,61.92,,
11/6/2023 15:37,Wheat II,60073697 WH,Normal,8B_2_Lime_O_2023_SW_Gr,,Infratec,91915904,9.3,0.168,9.14,9.628,0,0,,11.05,0.048,10.948,11.112,0,0,,74.04,0.187,73.786,74.307,0,0,,23.48,0.888,22.35,25.039,0,0,,30.89,1.24,29.294,33.004,0,0,,61.72,,
11/6/2023 15:39,Wheat II,60073697 WH,Normal,8B_2_Lime_N_2023_SW_Gr,,Infratec,91915904,9.68,0.113,9.547,9.953,0,0,,11.1,0.034,11.053,11.145,0,0,,73.68,0.247,73.243,74.053,0,0,,25.16,0.682,24.327,26.303,0,0,,32.4,0.639,31.628,34.034,0,0,,61.8,,
11/6/2023 15:48,Wheat II,60073697 WH,Normal,9B_3_Lime_O_2023_SW_Gr,,Infratec,91915904,10.55,0.129,10.348,10.718,0,0,,10.91,0.034,10.857,10.983,0,0,,72.61,0.131,72.461,72.839,0,0,,27.5,0.402,26.65,27.972,0,0,,36.64,0.795,35.174,37.359,0,0,,61.29,,
11/6/2023 15:50,Wheat II,60073697 WH,Normal,9B_4_Lime_O_2023_SW_Gr,,Infratec,91915904,10.45,0.162,10.19,10.72,0,0,,10.98,0.027,10.946,11.023,0,0,,72.95,0.267,72.504,73.312,0,0,,26.85,0.906,25.42,28.456,0,0,,36.95,0.904,35.761,38.744,0,0,,61.22,,
11/6/2023 15:52,Wheat II,60073697 WH,Normal,9B_1_Lime_O_2023_SW_Gr,,Infratec,91915904,10.84,0.212,10.551,11.184,0,0,,11.22,0.049,11.156,11.288,0,0,,72.35,0.332,71.812,72.704,0,0,,28.07,0.798,27.203,29.261,0,0,,38.49,1.442,36.515,40.754,0,0,,61.4,,
11/6/2023 15:54,Wheat II,60073697 WH,Normal,9B_2_Lime_O_2023_SW_Gr,,Infratec,91915904,11.23,0.129,11.04,11.39,0,0,,11.11,0.03,11.051,11.146,0,0,,71.98,0.299,71.61,72.538,0,0,,29.6,0.489,28.79,30.48,0,0,,40.76,0.996,39.495,42.502,0,0,,61.73,,
11/6/2023 15:57,Wheat II,60073697 WH,Normal,9B_4_Lime_N_2023_SW_Gr,,Infratec,91915904,11.16,0.142,10.954,11.374,0,0,,11.03,0.037,10.977,11.087,0,0,,72,0.272,71.565,72.359,0,0,,29.34,0.671,28,30.332,0,0,,40.96,0.968,39.564,42.679,0,0,,60.66,,
11/6/2023 15:59,Wheat II,60073697 WH,Normal,9B_2_Lime_N_2023_SW_Gr,,Infratec,91915904,11.09,0.079,11.005,11.231,0,0,,11,0.029,10.965,11.066,0,0,,72.15,0.25,71.786,72.44,0,0,,29.42,0.428,28.801,30.124,0,0,,39.65,0.385,39.15,40.56,0,0,,60.63,,
11/6/2023 16:02,Wheat II,60073697 WH,Normal,9B_3_Lime_N_2023_SW_Gr,,Infratec,91915904,10.98,0.165,10.671,11.136,0,0,,11.39,0.019,11.36,11.409,0,0,,71.93,0.352,71.342,72.464,0,0,,29.03,0.747,27.405,30.152,0,0,,39.49,1.26,37.402,41.321,0,0,,60.97,,
11/6/2023 16:05,Wheat II,60073697 WH,Normal,9B_1_Lime_N_2023_SW_Gr,,Infratec,91915904,10.17,0.406,9.032,10.428,0,0,,11.36,0.033,11.311,11.403,0,0,,72.32,0.526,70.91,72.737,0,0,,26.77,1.66,25.488,31.295,0,0,,35.38,1.258,32.182,36.375,0,0,,60.43,,
11/6/2023 16:18,Wheat II,60073697 WH,Normal,2A_2_Lime_O_2023_WW_Gr,,Infratec,91915904,12.64,0.373,12.188,13.398,0,0,,11.39,0.049,11.311,11.47,0,0,,70.79,0.866,69.498,72.647,0,0,,30.42,0.887,29.228,32.362,0,0,,44.99,3.055,40.98,52.007,0,0,,63.43,,
11/6/2023 16:20,Wheat II,60073697 WH,Normal,2A_1_Lime_O_2023_WW_Gr,,Infratec,91915904,12.09,0.144,11.826,12.326,0,0,,11.15,0.036,11.078,11.192,0,0,,70.68,0.42,69.921,71.162,0,0,,29.57,0.457,28.762,30.155,0,0,,42.03,1.505,39.464,44.792,0,0,,62.47,,
11/6/2023 16:22,Wheat II,60073697 WH,Normal,2A_4_Lime_O_2023_WW_Gr,,Infratec,91915904,12.52,0.267,12.12,12.901,0,0,,11.2,0.022,11.166,11.235,0,0,,70.76,0.531,69.621,71.395,0,0,,30.04,0.576,29.294,31.004,0,0,,43.85,2.161,40.581,47.569,0,0,,63.83,,
11/6/2023 16:24,Wheat II,60073697 WH,Normal,2A_3_Lime_O_2023_WW_Gr,,Infratec,91915904,13.14,0.241,12.909,13.621,0,0,,11.52,0.046,11.458,11.58,0,0,,70.19,0.457,69.083,70.77,0,0,,31.6,0.678,30.732,32.958,0,0,,48.97,2.082,45.089,52.903,0,0,,63.68,,
11/6/2023 16:30,Wheat II,60073697 WH,Normal,2A_3_Lime_N_2023_WW_Gr,,Infratec,91915904,14.1,0.167,13.792,14.3,0,0,,11.32,0.038,11.265,11.387,0,0,,68.48,0.509,67.835,69.37,0,0,,33.64,0.354,33.038,34.081,0,0,,57.18,1.55,54.926,60.092,0,0,,63.8,,
11/6/2023 16:31,Wheat II,60073697 WH,Normal,2A_2_Lime_N_2023_WW_Gr,,Infratec,91915904,12.48,0.21,12.103,12.771,0,0,,11.27,0.022,11.231,11.308,0,0,,70.49,0.393,69.973,71.049,0,0,,30.45,0.544,29.249,31.036,0,0,,43.14,1.812,40.427,45.641,0,0,,62.97,,
11/6/2023 16:34,Wheat II,60073697 WH,Normal,2A_1_Lime_N_2023_WW_Gr,,Infratec,91915904,11.58,0.15,11.259,11.794,0,0,,11.53,0.04,11.478,11.624,0,0,,71.62,0.515,71.132,72.748,0,0,,27.83,0.807,26.644,28.881,0,0,,40.47,1.301,37.774,41.777,0,0,,62.96,,
11/6/2023 16:36,Wheat II,60073697 WH,Normal,2A_4_Lime_N_2023_WW_Gr,,Infratec,91915904,11.67,0.218,11.357,12.018,0,0,,11.13,0.041,11.063,11.173,0,0,,70.74,0.193,70.453,71.005,0,0,,28.54,0.496,27.726,29.211,0,0,,39.8,1.649,37.448,41.905,0,0,,61.48,,
11/6/2023 16:42,Wheat II,60073697 WH,Normal,2B_3_Lime_O_2023_WW_Gr,,Infratec,91915904,11.55,0.167,11.382,11.888,0,0,,11.28,0.024,11.24,11.308,0,0,,71.69,0.286,71.1,72.228,0,0,,27.8,0.367,27.235,28.282,0,0,,41.09,0.99,39.514,42.919,0,0,,61.88,,
11/6/2023 16:43,Wheat II,60073697 WH,Normal,2B_2_Lime_O_2023_WW_Gr,,Infratec,91915904,10.88,0.128,10.671,11.091,0,0,,11.39,0.039,11.338,11.455,0,0,,72.68,0.178,72.454,72.941,0,0,,25.21,0.469,24.471,26.17,0,0,,37.92,0.902,36.417,39.18,0,0,,62.92,,
11/6/2023 16:44,Wheat II,60073697 WH,Normal,2B_4_Lime_O_2023_WW_Gr,,Infratec,91915904,11.71,0.129,11.522,12,0,0,,11.3,0.028,11.261,11.348,0,0,,71.48,0.255,70.945,71.752,0,0,,28.71,0.465,28.307,29.898,0,0,,41.38,1.892,37.71,45.02,0,0,,61.24,,
11/6/2023 16:46,Wheat II,60073697 WH,Normal,2B_1_Lime_O_2023_WW_Gr,,Infratec,91915904,11.03,0.111,10.855,11.148,0,0,,11.77,0.033,11.725,11.84,0,0,,72.45,0.244,72.186,73.028,0,0,,25.65,0.592,24.519,26.393,0,0,,38.62,0.933,37.376,40.05,0,0,,62.47,,
11/6/2023 16:48,Wheat II,60073697 WH,Normal,2B_2_Lime_N_2023_WW_Gr,,Infratec,91915904,10.03,0.124,9.836,10.199,0,0,,11.31,0.035,11.27,11.384,0,0,,72.87,0.232,72.509,73.188,0,0,,21.86,1.005,20.981,24.046,0,0,,33.64,0.809,32.621,34.999,0,0,,62.02,,
11/6/2023 16:49,Wheat II,60073697 WH,Normal,2B_4_Lime_N_2023_WW_Gr,,Infratec,91915904,11.49,0.128,11.31,11.682,0,0,,11.22,0.026,11.176,11.252,0,0,,71.56,0.284,71.262,72.006,0,0,,27.82,0.562,26.758,28.55,0,0,,40.35,0.825,38.741,41.484,0,0,,62.05,,
11/6/2023 16:51,Wheat II,60073697 WH,Normal,2B_3_Lime_N_2023_WW_Gr,,Infratec,91915904,10.84,0.139,10.67,11.072,0,0,,11.16,0.033,11.105,11.215,0,0,,72.17,0.214,71.859,72.626,0,0,,25.51,0.716,24.228,26.573,0,0,,37.39,0.951,35.768,38.902,0,0,,62,,
11/6/2023 16:53,Wheat II,60073697 WH,Normal,2B_1_Lime_N_2023_WW_Gr,,Infratec,91915904,11.25,0.177,10.929,11.405,0,0,,11.25,0.058,11.139,11.313,0,0,,71.9,0.247,71.579,72.362,0,0,,26.86,0.662,25.827,27.689,0,0,,39.53,1.195,37.603,41.07,0,0,,62.07,,
11/6/2023 17:15,Wheat II,60073697 WH,Normal,4A_3_Lime_O_2023_WW_Gr,,Infratec,91915904,12.06,0.134,11.837,12.256,0,0,,11.33,0.065,11.25,11.423,0,0,,70.9,0.286,70.496,71.277,0,0,,29.45,0.4,28.888,30.217,0,0,,41.75,1.741,39.227,45.075,0,0,,62.14,,
11/6/2023 17:16,Wheat II,60073697 WH,Normal,4A_2_Lime_O_2023_WW_Gr,,Infratec,91915904,11.66,0.177,11.266,11.862,0,0,,11.34,0.045,11.283,11.439,0,0,,71.31,0.369,70.792,72.03,0,0,,28.24,0.557,27.024,29.083,0,0,,40.9,1.268,38.875,42.812,0,0,,62.57,,
11/6/2023 17:18,Wheat II,60073697 WH,Normal,4A_1_Lime_O_2023_WW_Gr,,Infratec,91915904,12.85,0.228,12.526,13.335,0,0,,11.54,0.057,11.473,11.651,0,0,,70.12,0.351,69.599,70.603,0,0,,31.67,0.434,31.02,32.585,0,0,,46.79,2.032,42.892,50.714,0,0,,62.65,,
11/6/2023 17:19,Wheat II,60073697 WH,Normal,4A_4_Lime_O_2023_WW_Gr,,Infratec,91915904,11.35,0.146,11.087,11.5,0,0,,11.07,0.026,11.027,11.113,0,0,,71.66,0.311,71.157,72.194,0,0,,27.51,0.692,26.219,28.393,0,0,,39.76,0.771,38.289,40.523,0,0,,62.41,,
11/6/2023 17:21,Wheat II,60073697 WH,Normal,4A_4_Lime_N_2023_WW_Gr,,Infratec,91915904,11.42,0.121,11.215,11.588,0,0,,11.31,0.03,11.249,11.362,0,0,,71.55,0.34,71.046,71.926,0,0,,27.83,0.43,27.048,28.37,0,0,,40.65,0.858,39.012,42.28,0,0,,62.21,,
11/6/2023 17:23,Wheat II,60073697 WH,Normal,4A_2_Lime_N_2023_WW_Gr,,Infratec,91915904,12.78,0.152,12.514,13.072,0,0,,11.52,0.025,11.497,11.576,0,0,,69.99,0.411,69.363,70.59,0,0,,31.44,0.37,30.9,32.114,0,0,,47.29,1.897,44.592,50.661,0,0,,60.77,,
11/6/2023 17:24,Wheat II,60073697 WH,Normal,4A_3_Lime_N_2023_WW_Gr,,Infratec,91915904,11.7,0.141,11.482,11.984,0,0,,11.34,0.03,11.28,11.365,0,0,,71.4,0.218,71.116,71.954,0,0,,28.7,0.397,28.091,29.543,0,0,,42.37,1.398,39.496,45.073,0,0,,61.74,,
11/6/2023 17:26,Wheat II,60073697 WH,Normal,4A_1_Lime_N_2023_WW_Gr,,Infratec,91915904,11.81,0.261,11.434,12.257,0,0,,11.29,0.032,11.232,11.328,0,0,,71.23,0.358,70.715,71.901,0,0,,29.04,0.632,28.276,30.094,0,0,,40.7,0.522,40.058,41.351,0,0,,62.24,,
11/6/2023 17:27,Wheat II,60073697 WH,Normal,4B_2_Lime_N_2023_WW_Gr,,Infratec,91915904,11.75,0.199,11.364,12.034,0,0,,11,0.045,10.935,11.061,0,0,,70.72,0.224,70.385,71.074,0,0,,29.35,0.488,28.539,29.945,0,0,,42.73,1.89,39.552,46.446,0,0,,60.96,,
11/6/2023 17:29,Wheat II,60073697 WH,Normal,4B_1_Lime_O_2023_WW_Gr,,Infratec,91915904,13.08,0.142,12.809,13.279,0,0,,11.35,0.036,11.292,11.423,0,0,,69.33,0.157,69.047,69.535,0,0,,32.63,0.192,32.251,32.81,0,0,,48.93,1.837,45.368,50.978,0,0,,60,,
11/6/2023 17:31,Wheat II,60073697 WH,Normal,4B_1_Lime_N_2023_WW_Gr,,Infratec,91915904,12,0.199,11.742,12.313,0,0,,10.95,0.039,10.883,11.013,0,0,,70.37,0.423,69.844,71.025,0,0,,29.76,0.513,29.048,30.65,0,0,,43.52,1.653,41.583,46.49,0,0,,61.93,,
11/6/2023 17:32,Wheat II,60073697 WH,Normal,4B_3_Lime_O_2023_WW_Gr,,Infratec,91915904,12.71,0.161,12.407,12.945,0,0,,11.21,0.024,11.166,11.248,0,0,,70.19,0.365,69.483,70.704,0,0,,31.53,0.378,30.627,31.951,0,0,,44.81,1.958,41.361,48.449,0,0,,62.78,,
11/6/2023 17:34,Wheat II,60073697 WH,Normal,4B_3_Lime_N_2023_WW_Gr,,Infratec,91915904,11.26,0.146,10.987,11.522,0,0,,11.44,0.034,11.401,11.506,0,0,,71.99,0.279,71.675,72.513,0,0,,27.24,0.478,26.433,28.137,0,0,,38.31,1.093,36.322,39.875,0,0,,63.33,,
11/6/2023 17:35,Wheat II,60073697 WH,Normal,4B_4_Lime_N_2023_WW_Gr,,Infratec,91915904,12.8,0.16,12.542,13.1,0,0,,11.09,0.039,11.017,11.136,0,0,,69.07,0.363,68.462,69.544,0,0,,31.92,0.433,31.411,32.541,0,0,,47.06,1.529,44.738,49.761,0,0,,59.24,,
11/6/2023 17:36,Wheat II,60073697 WH,Normal,4B_2_Lime_O_2023_WW_Gr,,Infratec,91915904,12.53,0.154,12.128,12.659,0,0,,11.2,0.094,11.072,11.327,0,0,,69.83,0.282,69.448,70.317,0,0,,31.25,0.399,30.409,31.822,0,0,,45.61,1.048,43.849,47.544,0,0,,60.76,,
11/6/2023 17:38,Wheat II,60073697 WH,Normal,4B_4_Lime_O_2023_WW_Gr,,Infratec,91915904,12.65,0.143,12.452,12.842,0,0,,11.04,0.027,10.986,11.064,0,0,,69.81,0.209,69.56,70.226,0,0,,31.81,0.312,31.232,32.323,0,0,,46.46,1.627,43.83,48.522,0,0,,60.53,,
